index,id,step_no,step,sub_step,title,kind,difficulty,tuf_level,done,duration,tuf_url,youtube,article,leetcode,topic_tags,pattern_tags,slug
1,17136,1,Beginner Problems,Fundamentals of Programming,Breaking The Myth,learning,,,False,,https://takeuforward.org/strivers-a2z-dsa-sheet/fundamentals-of-programming/breaking-the-myth,https://youtu.be/qbwJ1U6I-IU,https://takeuforward.org/blogs/data-structure-and-algorithm/breaking-the-myth-dsa-is-language-independent,,,,breaking-the-myth
2,17132,1,Beginner Problems,Fundamentals of Programming,Programming and What Are Computers?,learning,,,False,,https://takeuforward.org/strivers-a2z-dsa-sheet/fundamentals-of-programming/programming-and-what-are-computers,https://youtu.be/y_tiNJXgA2U,https://takeuforward.org/blogs/data-structure-and-algorithm/programming-and-computers,,,,programming-and-what-are-computers
3,17133,1,Beginner Problems,Fundamentals of Programming,How to Think Like a Programmer,learning,,,False,,https://takeuforward.org/strivers-a2z-dsa-sheet/fundamentals-of-programming/how-to-think-like-a-programmer,https://youtu.be/iv7jtDODKrg,https://takeuforward.org/blogs/data-structure-and-algorithm/how-to-think-like-a-programmer,,,,how-to-think-like-a-programmer
4,17134,1,Beginner Problems,Fundamentals of Programming,Flowcharts and Pseudocode,learning,,,False,,https://takeuforward.org/strivers-a2z-dsa-sheet/fundamentals-of-programming/flowcharts-and-pseudocode,https://youtu.be/ynlGEO4bhiI,https://takeuforward.org/blogs/data-structure-and-algorithm/flowcharts-and-pseudocode,,,,flowcharts-and-pseudocode
5,17135,1,Beginner Problems,Fundamentals of Programming,Flowchart Problem-Solving,learning,,,False,,https://takeuforward.org/strivers-a2z-dsa-sheet/fundamentals-of-programming/flowchart-problem-solving,https://youtu.be/usbMw83zi4c,https://takeuforward.org/blogs/data-structure-and-algorithm/flowchart-problem-solving,,,,flowchart-problem-solving
6,17137,1,Beginner Problems,Fundamentals of Programming,"Dry Runs, Edge Cases and Debugging",learning,,,False,,https://takeuforward.org/strivers-a2z-dsa-sheet/fundamentals-of-programming/dry-runs-edge-cases-and-debugging,https://youtu.be/Chf3JhFO4nU,https://takeuforward.org/blogs/data-structure-and-algorithm/dry-runs-edge-cases-and-debugging,,,,dry-runs-edge-cases-and-debugging
7,17138,1,Beginner Problems,Fundamentals of Programming,Programming Languages and Choosing a Path,learning,,,False,,https://takeuforward.org/strivers-a2z-dsa-sheet/fundamentals-of-programming/programming-languages-and-choosing-a-path,https://youtu.be/qY_PY3o-pd4,https://takeuforward.org/blogs/data-structure-and-algorithm/programming-languages-and-choosing-a-path,,,,programming-languages-and-choosing-a-path
8,17083,1,Beginner Problems,Language Basics,Learn C++,learning,,basic,False,,https://takeuforward.org/strivers-a2z-dsa-sheet/language-basics/learn-cpp,,,,,,learn-cpp
9,17084,1,Beginner Problems,Language Basics,Learn Java,learning,,basic,False,,https://takeuforward.org/strivers-a2z-dsa-sheet/language-basics/learn-java,,,,,,learn-java
10,17085,1,Beginner Problems,Language Basics,Learn Python,learning,,basic,False,,https://takeuforward.org/strivers-a2z-dsa-sheet/language-basics/learn-python,,,,,,learn-python
11,1216,1,Beginner Problems,Logic Building (Patterns),Easy and Medium,learning,,core,True,47 min,https://takeuforward.org/strivers-a2z-dsa-sheet/logic-building-patterns/easy-and-medium,https://www.youtube.com/watch?v=tNm_NNSB3_w&list=PLgUwDviBIf0oF6QL8m22w1hIDC1vJ_BHz&index=3,,,,,easy-and-medium
12,1205,1,Beginner Problems,Logic Building (Patterns),Hard,learning,,pro,False,50 min,https://takeuforward.org/strivers-a2z-dsa-sheet/logic-building-patterns/hard,https://www.youtube.com/watch?v=tNm_NNSB3_w&list=PLgUwDviBIf0oF6QL8m22w1hIDC1vJ_BHz&index=3,,,,,hard
13,401,1,Beginner Problems,Patterns,Pattern 1,practice,Easy,basic,True,13 min,https://takeuforward.org/strivers-a2z-dsa-sheet/patterns/pattern-1,https://www.youtube.com/watch?v=tNm_NNSB3_w&list=PLgUwDviBIf0oF6QL8m22w1hIDC1vJ_BHz&index=3,,,,,pattern-1
14,412,1,Beginner Problems,Patterns,Pattern 2,practice,Easy,basic,True,3 min,https://takeuforward.org/strivers-a2z-dsa-sheet/patterns/pattern-2,https://www.youtube.com/watch?v=tNm_NNSB3_w&list=PLgUwDviBIf0oF6QL8m22w1hIDC1vJ_BHz&index=3,,,,,pattern-2
15,416,1,Beginner Problems,Patterns,Pattern 3,practice,Easy,basic,True,2 min,https://takeuforward.org/strivers-a2z-dsa-sheet/patterns/pattern-3,https://www.youtube.com/watch?v=tNm_NNSB3_w&list=PLgUwDviBIf0oF6QL8m22w1hIDC1vJ_BHz&index=3,,,,,pattern-3
16,417,1,Beginner Problems,Patterns,Pattern 4,practice,Easy,basic,True,2 min,https://takeuforward.org/strivers-a2z-dsa-sheet/patterns/pattern-4,https://www.youtube.com/watch?v=tNm_NNSB3_w&list=PLgUwDviBIf0oF6QL8m22w1hIDC1vJ_BHz&index=3,,,,,pattern-4
17,418,1,Beginner Problems,Patterns,Pattern 5,practice,Easy,basic,True,4 min,https://takeuforward.org/strivers-a2z-dsa-sheet/patterns/pattern-5,https://www.youtube.com/watch?v=tNm_NNSB3_w&list=PLgUwDviBIf0oF6QL8m22w1hIDC1vJ_BHz&index=3,,,,,pattern-5
18,419,1,Beginner Problems,Patterns,Pattern 6,practice,Easy,basic,True,3 min,https://takeuforward.org/strivers-a2z-dsa-sheet/patterns/pattern-6,https://www.youtube.com/watch?v=tNm_NNSB3_w&list=PLgUwDviBIf0oF6QL8m22w1hIDC1vJ_BHz&index=3,,,,,pattern-6
19,420,1,Beginner Problems,Patterns,Pattern 7,practice,Easy,basic,True,6 min,https://takeuforward.org/strivers-a2z-dsa-sheet/patterns/pattern-7,https://www.youtube.com/watch?v=tNm_NNSB3_w&list=PLgUwDviBIf0oF6QL8m22w1hIDC1vJ_BHz&index=3,,,,,pattern-7
20,421,1,Beginner Problems,Patterns,Pattern 8,practice,Easy,basic,True,5 min,https://takeuforward.org/strivers-a2z-dsa-sheet/patterns/pattern-8,https://www.youtube.com/watch?v=tNm_NNSB3_w&list=PLgUwDviBIf0oF6QL8m22w1hIDC1vJ_BHz&index=3,,,,,pattern-8
21,422,1,Beginner Problems,Patterns,Pattern 9,practice,Easy,basic,True,3 min,https://takeuforward.org/strivers-a2z-dsa-sheet/patterns/pattern-9,https://www.youtube.com/watch?v=tNm_NNSB3_w&list=PLgUwDviBIf0oF6QL8m22w1hIDC1vJ_BHz&index=3,,,,,pattern-9
22,402,1,Beginner Problems,Patterns,Pattern 10,practice,Easy,basic,True,2 min,https://takeuforward.org/strivers-a2z-dsa-sheet/patterns/pattern-10,https://www.youtube.com/watch?v=tNm_NNSB3_w&list=PLgUwDviBIf0oF6QL8m22w1hIDC1vJ_BHz&index=3,,,,,pattern-10
23,403,1,Beginner Problems,Patterns,Pattern 11,practice,Easy,basic,True,4 min,https://takeuforward.org/strivers-a2z-dsa-sheet/patterns/pattern-11,https://www.youtube.com/watch?v=tNm_NNSB3_w&list=PLgUwDviBIf0oF6QL8m22w1hIDC1vJ_BHz&index=3,,,,,pattern-11
24,404,1,Beginner Problems,Patterns,Pattern 12,practice,Easy,basic,True,5 min,https://takeuforward.org/strivers-a2z-dsa-sheet/patterns/pattern-12,https://www.youtube.com/watch?v=tNm_NNSB3_w&list=PLgUwDviBIf0oF6QL8m22w1hIDC1vJ_BHz&index=3,,,,,pattern-12
25,405,1,Beginner Problems,Patterns,Pattern 13,practice,Easy,basic,True,2 min,https://takeuforward.org/strivers-a2z-dsa-sheet/patterns/pattern-13,https://www.youtube.com/watch?v=tNm_NNSB3_w&list=PLgUwDviBIf0oF6QL8m22w1hIDC1vJ_BHz&index=3,,,,,pattern-13
26,406,1,Beginner Problems,Patterns,Pattern 14,practice,Easy,basic,True,5 min,https://takeuforward.org/strivers-a2z-dsa-sheet/patterns/pattern-14,https://www.youtube.com/watch?v=tNm_NNSB3_w&list=PLgUwDviBIf0oF6QL8m22w1hIDC1vJ_BHz&index=3,,,,,pattern-14
27,407,1,Beginner Problems,Patterns,Pattern 15,practice,Easy,basic,True,4 min,https://takeuforward.org/strivers-a2z-dsa-sheet/patterns/pattern-15,https://www.youtube.com/watch?v=tNm_NNSB3_w&list=PLgUwDviBIf0oF6QL8m22w1hIDC1vJ_BHz&index=3,,,,,pattern-15
28,408,1,Beginner Problems,Patterns,Pattern 16,practice,Easy,basic,True,3 min,https://takeuforward.org/strivers-a2z-dsa-sheet/patterns/pattern-16,https://www.youtube.com/watch?v=tNm_NNSB3_w&list=PLgUwDviBIf0oF6QL8m22w1hIDC1vJ_BHz&index=3,,,,,pattern-16
29,409,1,Beginner Problems,Patterns,Pattern 17,practice,Easy,basic,True,7 min,https://takeuforward.org/strivers-a2z-dsa-sheet/patterns/pattern-17,https://www.youtube.com/watch?v=tNm_NNSB3_w&list=PLgUwDviBIf0oF6QL8m22w1hIDC1vJ_BHz&index=3,,,,,pattern-17
30,410,1,Beginner Problems,Patterns,Pattern 18,practice,Easy,basic,True,4 min,https://takeuforward.org/strivers-a2z-dsa-sheet/patterns/pattern-18,https://www.youtube.com/watch?v=tNm_NNSB3_w&list=PLgUwDviBIf0oF6QL8m22w1hIDC1vJ_BHz&index=3,,,,,pattern-18
31,411,1,Beginner Problems,Patterns,Pattern 19,practice,Easy,basic,True,8 min,https://takeuforward.org/strivers-a2z-dsa-sheet/patterns/pattern-19,https://www.youtube.com/watch?v=tNm_NNSB3_w&list=PLgUwDviBIf0oF6QL8m22w1hIDC1vJ_BHz&index=3,,,,,pattern-19
32,413,1,Beginner Problems,Patterns,Pattern 20,practice,Medium,core,True,4 min,https://takeuforward.org/strivers-a2z-dsa-sheet/patterns/pattern-20,https://www.youtube.com/watch?v=tNm_NNSB3_w&list=PLgUwDviBIf0oF6QL8m22w1hIDC1vJ_BHz&index=3,,,,,pattern-20
33,414,1,Beginner Problems,Patterns,Pattern 21,practice,Medium,core,True,3 min,https://takeuforward.org/strivers-a2z-dsa-sheet/patterns/pattern-21,https://www.youtube.com/watch?v=tNm_NNSB3_w&list=PLgUwDviBIf0oF6QL8m22w1hIDC1vJ_BHz&index=3,,,,,pattern-21
34,415,1,Beginner Problems,Patterns,Pattern 22,practice,Medium,core,True,9 min,https://takeuforward.org/strivers-a2z-dsa-sheet/patterns/pattern-22,https://www.youtube.com/watch?v=tNm_NNSB3_w&list=PLgUwDviBIf0oF6QL8m22w1hIDC1vJ_BHz&index=3,,,,,pattern-22
35,1219,1,Beginner Problems,Time Complexity,Theory with examples,learning,,core,True,38 min,https://takeuforward.org/strivers-a2z-dsa-sheet/time-complexity/theory-with-examples,https://youtu.be/FPu9Uld7W-E,,,,,theory-with-examples
36,1218,1,Beginner Problems,Standard Libraries & Collections,STL,learning,,core,True,93 min,https://takeuforward.org/strivers-a2z-dsa-sheet/standard-libraries-and-collections/stl,https://www.youtube.com/watch?v=RRVYpIET_RU,,,,,stl
37,1217,1,Beginner Problems,Standard Libraries & Collections,Java Collections,learning,,core,True,75 min,https://takeuforward.org/strivers-a2z-dsa-sheet/standard-libraries-and-collections/java-collections,,,,,,java-collections
38,1193,1,Beginner Problems,Standard Libraries & Collections,Python Libraries Part 1,learning,,basic,False,73 min,https://takeuforward.org/strivers-a2z-dsa-sheet/standard-libraries-and-collections/python-libraries-part-1,,,,,,python-libraries-part-1
39,1194,1,Beginner Problems,Standard Libraries & Collections,Python Libraries Part 2,learning,,core,False,59 min,https://takeuforward.org/strivers-a2z-dsa-sheet/standard-libraries-and-collections/python-libraries-part-2,,,,,,python-libraries-part-2
40,1214,1,Beginner Problems,Concept Basics,Basic Maths,learning,,basic,False,73 min,https://takeuforward.org/strivers-a2z-dsa-sheet/concept-basics/basic-maths,,,,,,basic-maths
41,1213,1,Beginner Problems,Concept Basics,Basic Arrays,learning,,basic,False,36 min,https://takeuforward.org/strivers-a2z-dsa-sheet/concept-basics/basic-arrays-hashing-and-strings,,,,,,basic-arrays-hashing-and-strings
42,1203,1,Beginner Problems,Concept Basics,Basic Hashing,learning,,basic,True,94 min,https://takeuforward.org/strivers-a2z-dsa-sheet/concept-basics/basic-hashing,https://www.youtube.com/watch?v=KEs5UyBJ39g,https://takeuforward.org/blogs/data-structure-and-algorithm/hashing-data-structures,,,,basic-hashing
43,1204,1,Beginner Problems,Concept Basics,Basic String,learning,,basic,False,14 min,https://takeuforward.org/strivers-a2z-dsa-sheet/concept-basics/basic-string,,,,,,basic-string
44,367,1,Beginner Problems,Basic Maths,Count all Digits of a Number,practice,Easy,basic,True,8 min,https://takeuforward.org/strivers-a2z-dsa-sheet/basic-maths/count-all-digits-of-a-number,https://youtu.be/1xNbjMdbjug,https://takeuforward.org/blogs/data-structure-and-algorithm/count-digits-in-a-number,,Mathematics,Basic Traversal / Scan,count-all-digits-of-a-number
45,368,1,Beginner Problems,Basic Maths,Count number of odd digits in a number,practice,Easy,basic,False,5 min,https://takeuforward.org/strivers-a2z-dsa-sheet/basic-maths/count-number-of-odd-digits-in-a-number,,,,Mathematics,Basic Traversal / Scan,count-number-of-odd-digits-in-a-number
46,376,1,Beginner Problems,Basic Maths,Reverse a number,practice,Medium,core,True,7 min,https://takeuforward.org/strivers-a2z-dsa-sheet/basic-maths/reverse-a-number,https://youtu.be/1xNbjMdbjug?t=930,https://takeuforward.org/blogs/data-structure-and-algorithm/reverse-digits-of-a-number,https://leetcode.com/problems/reverse-integer/,Mathematics,Basic Traversal / Scan,reverse-a-number
47,374,1,Beginner Problems,Basic Maths,Palindrome Number,practice,Easy,basic,True,4 min,https://takeuforward.org/strivers-a2z-dsa-sheet/basic-maths/palindrome-number,https://youtu.be/1xNbjMdbjug?t=1230,https://takeuforward.org/blogs/data-structure-and-algorithm/check-whether-a-number-is-a-palindrome,https://leetcode.com/problems/palindrome-number/,Mathematics,Basic Traversal / Scan,palindrome-number
48,375,1,Beginner Problems,Basic Maths,Return the Largest Digit in a Number,practice,Easy,basic,False,3 min,https://takeuforward.org/strivers-a2z-dsa-sheet/basic-maths/return-the-largest-digit-in-a-number,,,,Mathematics,Basic Traversal / Scan,return-the-largest-digit-in-a-number
49,371,1,Beginner Problems,Basic Maths,Factorial of a given number,practice,Easy,basic,True,3 min,https://takeuforward.org/strivers-a2z-dsa-sheet/basic-maths/factorial-of-a-given-number-i,https://www.youtube.com/watch?v=69ZCDFy-OUo&list=PLgUwDviBIf0rGlzIn_7rsaR2FQ5e6ZOL9&index=3,,,Recursion & Backtracking,Simulation / Implementation,factorial-of-a-given-number-i
50,366,1,Beginner Problems,Basic Maths,Check if the Number is Armstrong,practice,Easy,basic,True,7 min,https://takeuforward.org/strivers-a2z-dsa-sheet/basic-maths/check-if-the-number-if-armstrong,https://youtu.be/1xNbjMdbjug?t=1418,https://takeuforward.org/blogs/data-structure-and-algorithm/armstrong-number,https://leetcode.com/problems/armstrong-number/,Mathematics,Basic Traversal / Scan,check-if-the-number-if-armstrong
51,364,1,Beginner Problems,Basic Maths,Check for Perfect Number,practice,Easy,basic,False,10 min,https://takeuforward.org/strivers-a2z-dsa-sheet/basic-maths/check-for-perfect-number,,,https://leetcode.com/problems/perfect-number/,Mathematics,Number Theory,check-for-perfect-number
52,365,1,Beginner Problems,Basic Maths,Check for Prime Number,practice,Medium,core,True,6 min,https://takeuforward.org/strivers-a2z-dsa-sheet/basic-maths/check-for-prime-number,https://youtu.be/1xNbjMdbjug?t=2381,https://takeuforward.org/blogs/data-structure-and-algorithm/check-whether-a-number-is-prime,,Mathematics,Number Theory,check-for-prime-number
53,369,1,Beginner Problems,Basic Maths,Count of Prime Numbers till N,practice,Easy,basic,False,3 min,https://takeuforward.org/strivers-a2z-dsa-sheet/basic-maths/count-of-prime-numbers-till-n,,,https://leetcode.com/problems/count-primes/,Mathematics,Number Theory,count-of-prime-numbers-till-n
54,372,1,Beginner Problems,Basic Maths,GCD of Two Numbers,practice,Medium,core,True,13 min,https://takeuforward.org/strivers-a2z-dsa-sheet/basic-maths/gcd-of-two-numbers,https://youtu.be/1xNbjMdbjug?t=2684,https://takeuforward.org/blogs/data-structure-and-algorithm/gcd-euclidean-algorithm,,Mathematics|Arrays,Number Theory,gcd-of-two-numbers
55,373,1,Beginner Problems,Basic Maths,LCM of two numbers,practice,Medium,core,False,5 min,https://takeuforward.org/strivers-a2z-dsa-sheet/basic-maths/lcm-of-two-numbers,,,,Mathematics,Number Theory,lcm-of-two-numbers
56,370,1,Beginner Problems,Basic Maths,Divisors of a Number,practice,Medium,core,False,9 min,https://takeuforward.org/strivers-a2z-dsa-sheet/basic-maths/divisors-of-a-number,https://youtu.be/1xNbjMdbjug?t=1580,,,Mathematics|Bit Manipulation,Number Theory,divisors-of-a-number
57,343,1,Beginner Problems,Basic Arrays,Sum of Array Elements,practice,Easy,basic,False,4 min,https://takeuforward.org/strivers-a2z-dsa-sheet/basic-arrays/sum-of-array-elements,,,,Arrays,Basic Traversal / Scan,sum-of-array-elements
58,341,1,Beginner Problems,Basic Arrays,Count of odd numbers in Array,practice,Easy,basic,False,3 min,https://takeuforward.org/strivers-a2z-dsa-sheet/basic-arrays/count-of-odd-numbers-in-array,,,,Arrays,Basic Traversal / Scan,count-of-odd-numbers-in-array
59,340,1,Beginner Problems,Basic Arrays,Check if the Array is Sorted I,practice,Easy,basic,False,6 min,https://takeuforward.org/strivers-a2z-dsa-sheet/basic-arrays/check-if-the-array-is-sorted-i,,,,Arrays,Basic Traversal / Scan,check-if-the-array-is-sorted-i
60,342,1,Beginner Problems,Basic Arrays,Reverse an array,practice,Easy,basic,True,14 min,https://takeuforward.org/strivers-a2z-dsa-sheet/basic-arrays/reverse-an-array,https://www.youtube.com/watch?v=twuC1F6gLI8&list=PLgUwDviBIf0rGlzIn_7rsaR2FQ5e6ZOL9&index=4,,,Recursion & Backtracking,Simulation / Implementation,reverse-an-array
61,344,1,Beginner Problems,Basic Hashing,Highest Occurring Element in an Array,practice,Medium,core,True,14 min,https://takeuforward.org/strivers-a2z-dsa-sheet/basic-hashing/highest-occurring-element-in-an-array,,,https://leetcode.com/problems/frequency-of-the-most-frequent-element/,Hashing,Frequency Counting,highest-occurring-element-in-an-array
62,345,1,Beginner Problems,Basic Hashing,Second Highest Occurring Element,practice,Medium,core,False,16 min,https://takeuforward.org/strivers-a2z-dsa-sheet/basic-hashing/second-highest-occurring-element,,,,Hashing|Arrays,Frequency Counting,second-highest-occurring-element
63,346,1,Beginner Problems,Basic Hashing,Sum of Highest and Lowest Frequency,practice,Medium,core,False,9 min,https://takeuforward.org/strivers-a2z-dsa-sheet/basic-hashing/sum-of-highest-and-lowest-frequency,,,,Hashing,Frequency Counting,sum-of-highest-and-lowest-frequency
64,397,1,Beginner Problems,Basic Strings,Reverse a String II,practice,Easy,basic,False,9 min,https://takeuforward.org/strivers-a2z-dsa-sheet/basic-strings/reverse-a-string-ii,,,https://leetcode.com/problems/reverse-string/,Strings,Two Pointer,reverse-a-string-ii
65,396,1,Beginner Problems,Basic Strings,Palindrome Check,practice,Medium,core,False,7 min,https://takeuforward.org/strivers-a2z-dsa-sheet/basic-strings/palindrome-check,,,https://leetcode.com/problems/valid-palindrome/,Strings,Two Pointer,palindrome-check
66,394,1,Beginner Problems,Basic Strings,Largest Odd Number in a String,practice,Medium,core,True,11 min,https://takeuforward.org/strivers-a2z-dsa-sheet/basic-strings/largest-odd-number-in-a-string,,,https://leetcode.com/problems/largest-odd-number-in-string/,Greedy Algorithms|Strings|Mathematics,Greedy Choice,largest-odd-number-in-a-string
67,395,1,Beginner Problems,Basic Strings,Longest Common Prefix,practice,Medium,core,True,11 min,https://takeuforward.org/strivers-a2z-dsa-sheet/basic-strings/longest-common-prefix,,,https://leetcode.com/problems/longest-common-prefix/,Tries|Arrays|Strings,Prefix Matching,longest-common-prefix
68,393,1,Beginner Problems,Basic Strings,Isomorphic Strings,practice,Easy,basic,True,16 min,https://takeuforward.org/strivers-a2z-dsa-sheet/basic-strings/isomorphic-string,,,https://leetcode.com/problems/isomorphic-strings/,Strings|Hashing,Basic Traversal / Scan,isomorphic-string
69,398,1,Beginner Problems,Basic Strings,Rotate String,practice,Medium,core,True,13 min,https://takeuforward.org/strivers-a2z-dsa-sheet/basic-strings/rotate-string,,,https://leetcode.com/problems/rotate-string/,Strings,String Matching / Rolling Hash,rotate-string
70,400,1,Beginner Problems,Basic Strings,Valid Anagram,practice,Easy,basic,False,8 min,https://takeuforward.org/strivers-a2z-dsa-sheet/basic-strings/valid-anagram,,,https://leetcode.com/problems/valid-anagram/,Hashing|Strings,Frequency Counting,valid-anagram
71,399,1,Beginner Problems,Basic Strings,Sort Characters by Frequency,practice,Medium,core,True,12 min,https://takeuforward.org/strivers-a2z-dsa-sheet/basic-strings/sort-characters-by-frequency,,,https://leetcode.com/problems/sort-characters-by-frequency/,Strings|Hashing|Heaps,Frequency Counting,sort-characters-by-frequency
72,1199,1,Beginner Problems,Basic Recursion,Recursion Theory,learning,,core,False,40 min,https://takeuforward.org/strivers-a2z-dsa-sheet/basic-recursion/recursion-theory,,,,,,recursion-theory
73,1198,1,Beginner Problems,Basic Recursion,Recursion Concepts with Parameters,learning,,core,False,18 min,https://takeuforward.org/strivers-a2z-dsa-sheet/basic-recursion/recursion-concepts-with-parameters,,,,,,recursion-concepts-with-parameters
74,386,1,Beginner Problems,Basic Recursion,Sum of First N Numbers,practice,Easy,basic,True,16 min,https://takeuforward.org/strivers-a2z-dsa-sheet/basic-recursion/sum-of-first-n-numbers,https://www.youtube.com/watch?v=69ZCDFy-OUo&list=PLgUwDviBIf0rGlzIn_7rsaR2FQ5e6ZOL9&index=3,,,Recursion & Backtracking,Simulation / Implementation,sum-of-first-n-numbers
75,380,1,Beginner Problems,Basic Recursion,Factorial of a Given Number,practice,Easy,basic,False,8 min,https://takeuforward.org/strivers-a2z-dsa-sheet/basic-recursion/factorial-of-a-given-number-ii,,,,Recursion & Backtracking|Mathematics,Simulation / Implementation,factorial-of-a-given-number-ii
76,384,1,Beginner Problems,Basic Recursion,Sum of Array Elements II,practice,Easy,basic,False,7 min,https://takeuforward.org/strivers-a2z-dsa-sheet/basic-recursion/sum-of-array-elements-ii,,,,Arrays,Basic Traversal / Scan,sum-of-array-elements-ii
77,383,1,Beginner Problems,Basic Recursion,Reverse a String I,practice,Easy,basic,False,9 min,https://takeuforward.org/strivers-a2z-dsa-sheet/basic-recursion/reverse-a-string-i,,,https://leetcode.com/problems/reverse-string/,Strings,Two Pointer,reverse-a-string-i
78,378,1,Beginner Problems,Basic Recursion,Check if String is Palindrome or Not,practice,Easy,basic,True,10 min,https://takeuforward.org/strivers-a2z-dsa-sheet/basic-recursion/check-if-string-is-palindrome-or-not-,https://www.youtube.com/watch?v=twuC1F6gLI8&list=PLgUwDviBIf0rGlzIn_7rsaR2FQ5e6ZOL9&index=4,https://takeuforward.org/blogs/data-structure-and-algorithm/check-whether-a-string-is-a-palindrome,https://leetcode.com/problems/valid-palindrome/,Recursion & Backtracking|Strings,Simulation / Implementation,check-if-string-is-palindrome-or-not-
79,377,1,Beginner Problems,Basic Recursion,Check if a Number is Prime or Not,practice,Medium,core,False,7 min,https://takeuforward.org/strivers-a2z-dsa-sheet/basic-recursion/check-if-a-number-is-prime-or-not,,,,Mathematics,Number Theory,check-if-a-number-is-prime-or-not
80,382,1,Beginner Problems,Basic Recursion,Reverse an array 2,practice,Medium,core,False,4 min,https://takeuforward.org/strivers-a2z-dsa-sheet/basic-recursion/reverse-an-array-ii,,,,Arrays,Two Pointer,reverse-an-array-ii
81,379,1,Beginner Problems,Basic Recursion,Check if the Array is Sorted II,practice,Easy,basic,True,7 min,https://takeuforward.org/strivers-a2z-dsa-sheet/basic-recursion/check-if-the-array-is-sorted-ii,https://youtu.be/37E9ckMDdTk?t=17224,https://takeuforward.org/blogs/data-structure-and-algorithm/check-if-an-array-is-sorted-in-ascending-order,"https://leetcode.com/problems/check-if-array-is-sorted-and-rotated/#:~:text=Input%3A%20nums%20%3D%20%5B2%2C,no%20rotation)%20to%20make%20nums.",Arrays,Basic Traversal / Scan,check-if-the-array-is-sorted-ii
82,385,1,Beginner Problems,Basic Recursion,Sum of Digits in a Given Number,practice,Easy,basic,False,18 min,https://takeuforward.org/strivers-a2z-dsa-sheet/basic-recursion/sum-of-digits-in-a-given-number,,,,Mathematics,Basic Traversal / Scan,sum-of-digits-in-a-given-number
83,381,1,Beginner Problems,Basic Recursion,Fibonacci Number,practice,Medium,core,True,20 min,https://takeuforward.org/strivers-a2z-dsa-sheet/basic-recursion/fibonacci-number,https://www.youtube.com/watch?v=kvRjNm4rVBE&list=PLgUwDviBIf0rGlzIn_7rsaR2FQ5e6ZOL9&index=5,,https://leetcode.com/problems/fibonacci-number/,Dynamic Programming|Recursion & Backtracking|Mathematics,Linear DP,fibonacci-number
84,947,2,Sorting,Algorithms,Selection Sort,practice,Medium,core,True,15 min,https://takeuforward.org/strivers-a2z-dsa-sheet/algorithms/selection-sort,https://youtu.be/HGk_ypEuS24?t=167,https://takeuforward.org/blogs/data-structure-and-algorithm/selection-sort-algorithm,,Sorting|Arrays,Sort and Scan,selection-sort
85,943,2,Sorting,Algorithms,Bubble Sort,practice,Medium,core,True,14 min,https://takeuforward.org/strivers-a2z-dsa-sheet/algorithms/bubble-sort,https://youtu.be/HGk_ypEuS24?t=1061,https://takeuforward.org/blogs/data-structure-and-algorithm/bubble-sort-algorithm,,Sorting|Arrays,Sort and Scan,bubble-sort
86,944,2,Sorting,Algorithms,Insertion Sorting,practice,Medium,core,True,11 min,https://takeuforward.org/strivers-a2z-dsa-sheet/algorithms/insertion-sorting,https://youtu.be/HGk_ypEuS24?t=1900,https://takeuforward.org/blogs/data-structure-and-algorithm/insertion-sort-algorithm,,Sorting|Arrays,Sort and Scan,insertion-sorting
87,945,2,Sorting,Algorithms,Merge Sorting,practice,Medium,core,True,47 min,https://takeuforward.org/strivers-a2z-dsa-sheet/algorithms/merge-sorting,https://youtu.be/ogjf7ORKfd8,https://takeuforward.org/blogs/data-structure-and-algorithm/merge-sort-algorithm,,Sorting|Arrays,Divide and Conquer,merge-sorting
88,946,2,Sorting,Algorithms,Quick Sorting,practice,Medium,core,True,33 min,https://takeuforward.org/strivers-a2z-dsa-sheet/algorithms/quick-sorting,https://youtu.be/WIrA4YexLRQ,https://takeuforward.org/blogs/data-structure-and-algorithm/quick-sort-algorithm,,Sorting|Arrays,Divide and Conquer,quick-sorting
89,881,2,Sorting,Algorithms,Recursive Bubble Sort,practice,Medium,core,True,,https://takeuforward.org/strivers-a2z-dsa-sheet/algorithms/recursive-bubble-sort,,,,Sorting|Arrays|Recursion & Backtracking,Sort and Scan,recursive-bubble-sort
90,882,2,Sorting,Algorithms,Recursive Insertion Sort,practice,Medium,core,True,,https://takeuforward.org/strivers-a2z-dsa-sheet/algorithms/recursive-insertion-sort,,,,Sorting|Arrays|Recursion & Backtracking,Sort and Scan,recursive-insertion-sort
91,41,3,Arrays,Fundamentals,Linear Search,practice,Easy,basic,True,4 min,https://takeuforward.org/strivers-a2z-dsa-sheet/fundamentals/linear-search,https://youtu.be/wvcQg43_V8U?t=2465,,,Arrays,Basic Traversal / Scan,linear-search
92,38,3,Arrays,Fundamentals,Largest Element,practice,Easy,basic,True,5 min,https://takeuforward.org/strivers-a2z-dsa-sheet/fundamentals/largest-element,https://youtu.be/37E9ckMDdTk?t=526,https://takeuforward.org/blogs/data-structure-and-algorithm/find-the-largest-element-in-an-array,,Arrays,Basic Traversal / Scan,largest-element
93,43,3,Arrays,Fundamentals,Second Largest Element,practice,Easy,basic,True,15 min,https://takeuforward.org/strivers-a2z-dsa-sheet/fundamentals/second-largest-element,https://youtu.be/37E9ckMDdTk?t=810,,,Arrays,Basic Traversal / Scan,second-largest-element
94,42,3,Arrays,Fundamentals,Maximum Consecutive Ones,practice,Easy,basic,True,3 min,https://takeuforward.org/strivers-a2z-dsa-sheet/fundamentals/maximum-consecutive-ones,https://youtu.be/bYWLJb3vCWY?t=1124,https://takeuforward.org/blogs/data-structure-and-algorithm/maximum-consecutive-ones-in-a-binary-array,https://leetcode.com/problems/max-consecutive-ones/,Arrays,Basic Traversal / Scan,maximum-consecutive-ones
95,40,3,Arrays,Fundamentals,Left Rotate Array by One,practice,Easy,basic,True,6 min,https://takeuforward.org/strivers-a2z-dsa-sheet/fundamentals/left-rotate-array-by-one,https://youtu.be/wvcQg43_V8U?t=61,https://takeuforward.org/blogs/data-structure-and-algorithm/left-rotate-array-by-one,https://leetcode.com/problems/rotate-array/,Arrays,Basic Traversal / Scan,left-rotate-array-by-one
96,39,3,Arrays,Fundamentals,Left Rotate Array by K Places,practice,Medium,core,True,17 min,https://takeuforward.org/strivers-a2z-dsa-sheet/fundamentals/left-rotate-array,https://youtu.be/wvcQg43_V8U?t=485,,https://leetcode.com/problems/rotate-array/,Arrays,Basic Traversal / Scan,left-rotate-array
97,46,3,Arrays,Logic Building,Move Zeros to End,practice,Easy,basic,True,13 min,https://takeuforward.org/strivers-a2z-dsa-sheet/logic-building/move-zeros-to-end,https://youtu.be/wvcQg43_V8U?t=1633,https://takeuforward.org/blogs/data-structure-and-algorithm/move-zeros-to-the-end-of-an-array,https://leetcode.com/problems/move-zeroes/,Arrays,Two Pointer,move-zeros-to-end
98,47,3,Arrays,Logic Building,Remove duplicates from sorted array,practice,Easy,basic,False,11 min,https://takeuforward.org/strivers-a2z-dsa-sheet/logic-building/remove-duplicates-from-sorted-array,https://youtu.be/37E9ckMDdTk?t=1887,,https://leetcode.com/problems/remove-duplicates-from-sorted-array/,Arrays,Two Pointer,remove-duplicates-from-sorted-array
99,44,3,Arrays,Logic Building,Find missing number,practice,Easy,basic,True,18 min,https://takeuforward.org/strivers-a2z-dsa-sheet/logic-building/find-missing-number,,,https://leetcode.com/problems/missing-number/,Bit Manipulation|Arrays,Bitwise XOR,find-missing-number
100,48,3,Arrays,Logic Building,Union of two sorted arrays,practice,Medium,core,True,16 min,https://takeuforward.org/strivers-a2z-dsa-sheet/logic-building/union-of-two-sorted-arrays,https://youtu.be/wvcQg43_V8U?t=2584,https://takeuforward.org/blogs/data-structure-and-algorithm/union-of-two-sorted-arrays,,Arrays,Two Pointer,union-of-two-sorted-arrays
101,45,3,Arrays,Logic Building,Intersection of two sorted arrays,practice,Medium,core,False,13 min,https://takeuforward.org/strivers-a2z-dsa-sheet/logic-building/intersection-of-two-sorted-arrays,,,,Arrays,Two Pointer,intersection-of-two-sorted-arrays
102,22,3,Arrays,FAQs(Medium),Majority Element-I,practice,Medium,core,True,17 min,https://takeuforward.org/strivers-a2z-dsa-sheet/faqs-medium/majority-element-i,https://youtu.be/nP_ns3uSh80,https://takeuforward.org/blogs/data-structure-and-algorithm/majority-element-n-by-2,https://leetcode.com/problems/majority-element/,Arrays,Basic Traversal / Scan,majority-element-i
103,30,3,Arrays,FAQs(Medium),Leaders in an Array,practice,Medium,core,True,11 min,https://takeuforward.org/strivers-a2z-dsa-sheet/faqs-medium/leaders-in-an-array,https://youtu.be/cHrH9CQ8pmY,https://takeuforward.org/blogs/data-structure-and-algorithm/leaders-in-an-array,https://leetcode.com/problems/buildings-with-an-ocean-view/,Arrays,Basic Traversal / Scan,leaders-in-an-array
104,34,3,Arrays,FAQs(Medium),Rearrange array elements by sign,practice,Medium,core,True,9 min,https://takeuforward.org/strivers-a2z-dsa-sheet/faqs-medium/rearrange-array-elements-by-sign,https://youtu.be/h4aBagy4Uok,,https://leetcode.com/problems/rearrange-array-elements-by-sign/,Arrays,Two Pointer,rearrange-array-elements-by-sign
105,33,3,Arrays,FAQs(Medium),Print the matrix in spiral manner,practice,Medium,core,True,15 min,https://takeuforward.org/strivers-a2z-dsa-sheet/faqs-medium/print-the-matrix-in-spiral-manner,https://youtu.be/3Zv-s9UUrFM,https://takeuforward.org/blogs/data-structure-and-algorithm/spiral-traversal-of-a-matrix,https://leetcode.com/problems/spiral-matrix/,Arrays,Simulation / Implementation,print-the-matrix-in-spiral-manner
106,813,3,Arrays,FAQs(Medium),Pascal's Triangle I,practice,Medium,core,False,10 min,https://takeuforward.org/strivers-a2z-dsa-sheet/faqs-medium/pascals-triangle-i,https://youtu.be/bR7mQgwQ_o8,https://takeuforward.org/blogs/data-structure-and-algorithm/pascals-triangle-first-n-rows,https://leetcode.com/problems/pascals-triangle/,Arrays|Mathematics,Simulation / Implementation,pascals-triangle-i
107,812,3,Arrays,FAQs(Medium),Pascal's Triangle II,practice,Medium,core,False,9 min,https://takeuforward.org/strivers-a2z-dsa-sheet/faqs-medium/pascals-triangle-ii,,,https://leetcode.com/problems/pascals-triangle-ii/,Dynamic Programming|Arrays,Grid DP,pascals-triangle-ii
108,32,3,Arrays,FAQs(Medium),Pascal's Triangle III,practice,Medium,core,False,7 min,https://takeuforward.org/strivers-a2z-dsa-sheet/faqs-medium/pascals-triangle-iii,,,,Mathematics|Arrays,Simulation / Implementation,pascals-triangle-iii
109,35,3,Arrays,FAQs(Medium),Rotate matrix by 90 degrees,practice,Medium,core,True,17 min,https://takeuforward.org/strivers-a2z-dsa-sheet/faqs-medium/rotate-matrix-by-90-degrees,https://youtu.be/Z0R2u6gd3GU,https://takeuforward.org/blogs/data-structure-and-algorithm/rotate-matrix-90-degrees-clockwise,https://leetcode.com/problems/rotate-image/,Arrays,Simulation / Implementation,rotate-matrix-by-90-degrees
110,911,3,Arrays,FAQs(Medium),Set Matrix Zeroes,practice,Medium,core,True,,https://takeuforward.org/strivers-a2z-dsa-sheet/faqs-medium/set-matrix-zeroes,https://youtu.be/N0MgLvceX7M,https://takeuforward.org/blogs/data-structure-and-algorithm/set-matrix-zeroes,https://leetcode.com/problems/set-matrix-zeroes/,Arrays|Hashing,Basic Traversal / Scan,set-matrix-zeroes
111,37,3,Arrays,FAQs(Medium),Two Sum,practice,Easy,basic,True,17 min,https://takeuforward.org/strivers-a2z-dsa-sheet/faqs-medium/two-sum,https://youtu.be/UXDSeD9mN-k,https://takeuforward.org/blogs/data-structure-and-algorithm/two-sum,https://leetcode.com/problems/two-sum/,Hashing|Arrays,Basic Traversal / Scan,two-sum
112,27,3,Arrays,FAQs(Medium),3 Sum,practice,Medium,core,True,37 min,https://takeuforward.org/strivers-a2z-dsa-sheet/faqs-medium/3-sum,https://youtu.be/DhFh8Kw7ymk,https://takeuforward.org/blogs/data-structure-and-algorithm/3sum,https://leetcode.com/problems/3sum/,Arrays,Two Pointer|Sort and Scan,3-sum
113,28,3,Arrays,FAQs(Medium),4 Sum,practice,Hard,pro,False,27 min,https://takeuforward.org/strivers-a2z-dsa-sheet/faqs-medium/4-sum,https://youtu.be/eD95WRfh81c,https://takeuforward.org/blogs/data-structure-and-algorithm/4sum,https://leetcode.com/problems/4sum/,Arrays,Two Pointer|Sort and Scan,4-sum
114,36,3,Arrays,FAQs(Medium),Sort an array of 0's 1's and 2's,practice,Medium,core,False,24 min,https://takeuforward.org/strivers-a2z-dsa-sheet/faqs-medium/sort-an-array-of-0's-1's-and-2's,https://youtu.be/tp8JIuCXBaU,,https://leetcode.com/problems/sort-colors/,Sorting|Arrays,Sort and Scan,sort-an-array-of-0's-1's-and-2's
115,29,3,Arrays,FAQs(Medium),Kadane's Algorithm,practice,Medium,core,True,19 min,https://takeuforward.org/strivers-a2z-dsa-sheet/faqs-medium/kadane's-algorithm,https://youtu.be/AHZpyENo7k4,,https://leetcode.com/problems/maximum-subarray/,Arrays,Basic Traversal / Scan,kadane's-algorithm
116,31,3,Arrays,FAQs(Medium),Next Permutation,practice,Medium,core,True,26 min,https://takeuforward.org/strivers-a2z-dsa-sheet/faqs-medium/next-permutation,https://youtu.be/JDOXKqF60RQ,https://takeuforward.org/blogs/data-structure-and-algorithm/next-permutation,https://leetcode.com/problems/next-permutation/,Arrays,Two Pointer,next-permutation
117,23,3,Arrays,FAQs(Hard),Majority Element-II,practice,Medium,core,False,25 min,https://takeuforward.org/strivers-a2z-dsa-sheet/faqs-hard/majority-element-ii,https://youtu.be/vwZj1K0e9U8,https://takeuforward.org/blogs/data-structure-and-algorithm/majority-element-ii-n-by-3,https://leetcode.com/problems/majority-element-ii/,Arrays|Hashing,Frequency Counting,majority-element-ii
118,21,3,Arrays,FAQs(Hard),Find the repeating and missing number,practice,Medium,core,False,41 min,https://takeuforward.org/strivers-a2z-dsa-sheet/faqs-hard/find-the-repeating-and-missing-number,https://youtu.be/2D0D8HE6uak,https://takeuforward.org/blogs/data-structure-and-algorithm/find-the-missing-and-repeating-numbers-in-an-array,,Sorting|Arrays,Sort and Scan,find-the-repeating-and-missing-number
119,20,3,Arrays,FAQs(Hard),Count Inversions,practice,Hard,pro,False,23 min,https://takeuforward.org/strivers-a2z-dsa-sheet/faqs-hard/count-inversions,https://youtu.be/AseUmwVNaoY,,,Arrays,Divide and Conquer,count-inversions
120,26,3,Arrays,FAQs(Hard),Reverse Pairs,practice,Hard,pro,False,31 min,https://takeuforward.org/strivers-a2z-dsa-sheet/faqs-hard/reverse-pairs,https://youtu.be/0e4bZaP3MDI,https://takeuforward.org/blogs/data-structure-and-algorithm/count-reverse-pairs,https://leetcode.com/problems/reverse-pairs/,Arrays,Divide and Conquer,reverse-pairs
121,24,3,Arrays,FAQs(Hard),Maximum Product Subarray in an Array,practice,Medium,core,False,18 min,https://takeuforward.org/strivers-a2z-dsa-sheet/faqs-hard/maximum-product-subarray-in-an-array,,,https://leetcode.com/problems/maximum-product-subarray/,Arrays,Basic Traversal / Scan,maximum-product-subarray-in-an-array
122,25,3,Arrays,FAQs(Hard),Merge two sorted arrays without extra space,practice,Medium,core,False,32 min,https://takeuforward.org/strivers-a2z-dsa-sheet/faqs-hard/merge-two-sorted-arrays-without-extra-space,https://youtu.be/n7uwj04E0I4,,https://leetcode.com/problems/merge-sorted-array/,Arrays,Two Pointer|Sort and Scan,merge-two-sorted-arrays-without-extra-space
123,1203,4,Hashing,Theory,Basic Hashing,learning,,basic,True,94 min,https://takeuforward.org/strivers-a2z-dsa-sheet/theory/basic-hashing,https://www.youtube.com/watch?v=KEs5UyBJ39g,https://takeuforward.org/blogs/data-structure-and-algorithm/hashing-data-structures,,,,basic-hashing
124,563,4,Hashing,FAQs,Longest Consecutive Sequence in an Array,practice,Medium,core,True,22 min,https://takeuforward.org/strivers-a2z-dsa-sheet/faqs/longest-consecutive-sequence-in-an-array,https://youtu.be/oO5uLE7EUlM,,https://leetcode.com/problems/longest-consecutive-sequence/,Hashing|Arrays|Graphs,Basic Traversal / Scan,longest-consecutive-sequence-in-an-array
125,564,4,Hashing,FAQs,Longest subarray with sum K,practice,Medium,core,True,40 min,https://takeuforward.org/strivers-a2z-dsa-sheet/faqs/longest-subarray-with-sum-k,https://youtu.be/frf7qxiN2qU,,https://leetcode.com/problems/maximum-size-subarray-sum-equals-k/,Arrays|Hashing,Prefix / Precomputation,longest-subarray-with-sum-k
126,605,4,Hashing,FAQs,Largest Subarray with Sum 0,practice,Medium,core,False,,https://takeuforward.org/strivers-a2z-dsa-sheet/faqs/largest-subarray-with-sum-0,https://www.youtube.com/watch?v=xmguZ6GbatA&list=PLgUwDviBIf0p4ozDR_kJJkONnb1wdx2Ma&index=23,,https://leetcode.com/problems/maximum-size-subarray-sum-equals-k/,Arrays|Hashing,Prefix / Precomputation,largest-subarray-with-sum-0
127,561,4,Hashing,FAQs,Count subarrays with given sum,practice,Medium,core,True,22 min,https://takeuforward.org/strivers-a2z-dsa-sheet/faqs/count-subarrays-with-given-sum,https://www.youtube.com/watch?v=xvNwoz-ufXA&list=PLgUwDviBIf0oF6QL8m22w1hIDC1vJ_BHz&index=32,,https://leetcode.com/problems/subarray-sum-equals-k/,Arrays|Hashing,Prefix / Precomputation,count-subarrays-with-given-sum
128,562,4,Hashing,FAQs,Count subarrays with given xor K,practice,Hard,pro,False,23 min,https://takeuforward.org/strivers-a2z-dsa-sheet/faqs/count-subarrays-with-given-xor-k,https://youtu.be/eZr-6p0B7ME,https://takeuforward.org/blogs/data-structure-and-algorithm/count-subarrays-with-a-given-xor-k,,Bit Manipulation|Arrays,Bitwise XOR,count-subarrays-with-given-xor-k
129,81,5,Binary Search,Fundamentals,Search X in sorted array,practice,Easy,basic,True,33 min,https://takeuforward.org/strivers-a2z-dsa-sheet/fundamentals/search-x-in-sorted-array,https://youtu.be/MHf6awe89xw,https://takeuforward.org/blogs/data-structure-and-algorithm/binary-search-algorithm,https://leetcode.com/problems/binary-search/,Binary Search|Arrays,Lower Bound / Upper Bound,search-x-in-sorted-array
130,80,5,Binary Search,Fundamentals,Lower Bound,practice,Medium,core,True,16 min,https://takeuforward.org/strivers-a2z-dsa-sheet/fundamentals/lower-bound-,https://youtu.be/6zhGS79oQ4k,https://takeuforward.org/blogs/data-structure-and-algorithm/lower-bound-in-sorted-array,,Binary Search|Arrays,Lower Bound / Upper Bound,lower-bound-
131,82,5,Binary Search,Fundamentals,Upper Bound,practice,Medium,core,True,4 min,https://takeuforward.org/strivers-a2z-dsa-sheet/fundamentals/upper-bound,https://youtu.be/6zhGS79oQ4k,https://takeuforward.org/blogs/data-structure-and-algorithm/upper-bound-in-sorted-array,,Binary Search|Arrays,Lower Bound / Upper Bound,upper-bound
132,89,5,Binary Search,Logic Building,Search insert position,practice,Easy,basic,True,3 min,https://takeuforward.org/strivers-a2z-dsa-sheet/logic-building/search-insert-position,https://youtu.be/6zhGS79oQ4k,https://takeuforward.org/blogs/data-structure-and-algorithm/search-insert-position,https://leetcode.com/problems/search-insert-position/,Binary Search|Arrays,Lower Bound / Upper Bound,search-insert-position
133,86,5,Binary Search,Logic Building,Floor and Ceil in Sorted Array,practice,Medium,core,True,6 min,https://takeuforward.org/strivers-a2z-dsa-sheet/logic-building/floor-and-ceil-in-sorted-array,https://www.youtube.com/watch?v=6zhGS79oQ4k&list=PLgUwDviBIf0pMFMWuuvDNMAkoQFi-h0ZF&index=3,,,Binary Search|Arrays,Lower Bound / Upper Bound,floor-and-ceil-in-sorted-array
134,85,5,Binary Search,Logic Building,First and last occurrence,practice,Medium,core,True,22 min,https://takeuforward.org/strivers-a2z-dsa-sheet/logic-building/first-and-last-occurrence,https://youtu.be/hjR1IYVx9lY,https://takeuforward.org/blogs/data-structure-and-algorithm/last-occurrence-in-a-sorted-array,https://leetcode.com/problems/find-first-and-last-position-of-element-in-sorted-array/,Binary Search|Arrays,Lower Bound / Upper Bound,first-and-last-occurrence
135,87,5,Binary Search,Logic Building,Search in rotated sorted array-I,practice,Medium,core,True,15 min,https://takeuforward.org/strivers-a2z-dsa-sheet/logic-building/search-in-rotated-sorted-array-i,https://www.youtube.com/watch?v=r3pMQ8-Ad5s&list=PLgUwDviBIf0p4ozDR_kJJkONnb1wdx2Ma&index=64,,https://leetcode.com/problems/search-in-rotated-sorted-array/,Binary Search|Arrays,Rotated Array Search,search-in-rotated-sorted-array-i
136,88,5,Binary Search,Logic Building,Search in rotated sorted array-II,practice,Medium,core,True,12 min,https://takeuforward.org/strivers-a2z-dsa-sheet/logic-building/search-in-rotated-sorted-array-2,https://youtu.be/w2G2W8l__pc,https://takeuforward.org/blogs/data-structure-and-algorithm/search-in-rotated-sorted-array-ii,https://leetcode.com/problems/search-in-rotated-sorted-array-ii/,Binary Search|Arrays,Rotated Array Search,search-in-rotated-sorted-array-2
137,83,5,Binary Search,Logic Building,Find minimum in Rotated Sorted Array,practice,Medium,core,True,15 min,https://takeuforward.org/strivers-a2z-dsa-sheet/logic-building/find-minimum-in-rotated-sorted-array,https://youtu.be/nhEMDKMB44g,https://takeuforward.org/blogs/data-structure-and-algorithm/find-minimum-in-rotated-sorted-array,https://leetcode.com/problems/find-minimum-in-rotated-sorted-array/,Binary Search|Arrays,Rotated Array Search,find-minimum-in-rotated-sorted-array
138,84,5,Binary Search,Logic Building,Find out how many times the array is rotated,practice,Medium,core,True,4 min,https://takeuforward.org/strivers-a2z-dsa-sheet/logic-building/find-out-how-many-times-the-array-is-rotated,https://youtu.be/jtSiWTPLwd0,https://takeuforward.org/blogs/data-structure-and-algorithm/rotation-count-sorted-array,,Binary Search|Arrays,Lower Bound / Upper Bound,find-out-how-many-times-the-array-is-rotated
139,90,5,Binary Search,Logic Building,Single element in sorted array,practice,Medium,core,False,22 min,https://takeuforward.org/strivers-a2z-dsa-sheet/logic-building/single-element-in-sorted-array,https://youtu.be/AZOmHuHadxQ,,https://leetcode.com/problems/single-element-in-a-sorted-array/,Binary Search|Arrays,Lower Bound / Upper Bound,single-element-in-sorted-array
140,229,5,Binary Search,Logic Building,Count Occurrences in a Sorted Array,practice,Medium,core,True,,https://takeuforward.org/strivers-a2z-dsa-sheet/logic-building/count-occurrences-in-a-sorted-array,https://youtu.be/hjR1IYVx9lY,https://takeuforward.org/blogs/data-structure-and-algorithm/count-occurrences-in-a-sorted-array,,Binary Search|Arrays,Lower Bound / Upper Bound,count-occurrences-in-a-sorted-array
141,92,5,Binary Search,On answers,Find square root of a number,practice,Medium,core,False,17 min,https://takeuforward.org/strivers-a2z-dsa-sheet/on-answers/find-square-root-of-a-number,https://youtu.be/Bsv3FPUX_BA,,https://leetcode.com/problems/sqrtx/,Binary Search|Arrays,Search on Answer,find-square-root-of-a-number
142,91,5,Binary Search,On answers,Find Nth root of a number,practice,Medium,core,False,20 min,https://takeuforward.org/strivers-a2z-dsa-sheet/on-answers/find-nth-root-of-a-number,https://www.youtube.com/watch?v=WjpswYrS2nY&list=PLgUwDviBIf0p4ozDR_kJJkONnb1wdx2Ma&index=62,,,Binary Search|Arrays,Search on Answer,find-nth-root-of-a-number
143,93,5,Binary Search,On answers,Find the smallest divisor,practice,Medium,core,False,15 min,https://takeuforward.org/strivers-a2z-dsa-sheet/on-answers/find-the-smallest-divisor,https://youtu.be/UvBKTVaG6U8,https://takeuforward.org/blogs/data-structure-and-algorithm/find-the-smallest-divisor-given-a-threshold,https://leetcode.com/problems/find-the-smallest-divisor-given-a-threshold/,Binary Search|Arrays,Search on Answer,find-the-smallest-divisor
144,94,5,Binary Search,On answers,Koko eating bananas,practice,Hard,pro,False,20 min,https://takeuforward.org/strivers-a2z-dsa-sheet/on-answers/koko-eating-bananas,https://youtu.be/qyfekrNni90,https://takeuforward.org/blogs/data-structure-and-algorithm/koko-eating-bananas,https://leetcode.com/problems/koko-eating-bananas/,Binary Search|Arrays,Search on Answer,koko-eating-bananas
145,95,5,Binary Search,On answers,Minimum days to make M bouquets,practice,Hard,pro,False,25 min,https://takeuforward.org/strivers-a2z-dsa-sheet/on-answers/minimum-days-to-make-m-bouquets,https://youtu.be/TXAuxeYBTdg,https://takeuforward.org/blogs/data-structure-and-algorithm/minimum-days-to-make-m-bouquets,https://leetcode.com/problems/minimum-number-of-days-to-make-m-bouquets/,Binary Search|Arrays,Search on Answer,minimum-days-to-make-m-bouquets
146,161,5,Binary Search,On answers,Capacity to Ship Packages Within D Days,practice,Hard,pro,False,,https://takeuforward.org/strivers-a2z-dsa-sheet/on-answers/capacity-to-ship-packages-within-d-days,https://youtu.be/MG-Ac4TAvTY,https://takeuforward.org/blogs/data-structure-and-algorithm/capacity-to-ship-packages-within-d-days,https://leetcode.com/problems/capacity-to-ship-packages-within-d-days/,Binary Search|Arrays,Search on Answer,capacity-to-ship-packages-within-d-days
147,600,5,Binary Search,On answers,Kth Missing Positive Number,practice,Hard,pro,False,,https://takeuforward.org/strivers-a2z-dsa-sheet/on-answers/kth-missing-positive-number,https://youtu.be/uZ0N_hZpyps,,https://leetcode.com/problems/kth-missing-positive-number/,Binary Search|Arrays,Lower Bound / Upper Bound,kth-missing-positive-number
148,805,5,Binary Search,On answers,Painter's Partition,practice,Hard,pro,False,,https://takeuforward.org/strivers-a2z-dsa-sheet/on-answers/painters-partition,https://www.youtube.com/watch?v=thUd_WJn6wk&list=PLgUwDviBIf0pMFMWuuvDNMAkoQFi-h0ZF&index=20,,https://leetcode.com/problems/split-array-largest-sum/,Binary Search|Arrays,Lower Bound / Upper Bound,painters-partition
149,73,5,Binary Search,FAQs,Aggressive Cows,practice,Hard,pro,False,26 min,https://takeuforward.org/strivers-a2z-dsa-sheet/faqs/aggressive-cows,https://youtu.be/R_Mfw4ew-Vo,https://takeuforward.org/blogs/data-structure-and-algorithm/aggressive-cows,,Binary Search|Arrays,Search on Answer,aggressive-cows
150,74,5,Binary Search,FAQs,Book Allocation Problem,practice,Hard,pro,False,27 min,https://takeuforward.org/strivers-a2z-dsa-sheet/faqs/book-allocation-problem,https://www.youtube.com/watch?v=gYmWHvRHu-s&list=PLgUwDviBIf0p4ozDR_kJJkONnb1wdx2Ma&index=69,,https://leetcode.com/problems/split-array-largest-sum/,Binary Search|Arrays,Search on Answer,book-allocation-problem
151,75,5,Binary Search,FAQs,Find peak element,practice,Medium,core,True,32 min,https://takeuforward.org/strivers-a2z-dsa-sheet/faqs/find-peak-element,https://youtu.be/cXxmbemS6XM,https://takeuforward.org/blogs/data-structure-and-algorithm/find-a-peak-element-in-an-array,https://leetcode.com/problems/find-peak-element/,Binary Search|Arrays,Lower Bound / Upper Bound,find-peak-element
152,77,5,Binary Search,FAQs,Median of 2 sorted arrays,practice,Hard,pro,False,50 min,https://takeuforward.org/strivers-a2z-dsa-sheet/faqs/median-of-2-sorted-arrays,https://www.youtube.com/watch?v=NTop3VTjmxk&list=PLgUwDviBIf0p4ozDR_kJJkONnb1wdx2Ma&index=65,,https://leetcode.com/problems/median-of-two-sorted-arrays/,Binary Search|Arrays,Lower Bound / Upper Bound,median-of-2-sorted-arrays
153,76,5,Binary Search,FAQs,Kth element of 2 sorted arrays,practice,Hard,pro,False,10 min,https://takeuforward.org/strivers-a2z-dsa-sheet/faqs/kth-element-of-2-sorted-arrays,https://www.youtube.com/watch?v=nv7F4PiLUzo&list=PLgUwDviBIf0p4ozDR_kJJkONnb1wdx2Ma&index=66,,,Binary Search|Arrays,Lower Bound / Upper Bound,kth-element-of-2-sorted-arrays
154,78,5,Binary Search,FAQs,Minimize Max Distance to Gas Station,practice,Hard,pro,False,58 min,https://takeuforward.org/strivers-a2z-dsa-sheet/faqs/minimise-max-distance-to-gas-stations,https://www.youtube.com/watch?v=kMSBvlZ-_HA&list=PLgUwDviBIf0pMFMWuuvDNMAkoQFi-h0ZF&index=21,https://takeuforward.org/blogs/data-structure-and-algorithm/minimize-maximum-distance-between-gas-stations,https://leetcode.com/problems/minimize-max-distance-to-gas-station/,Binary Search|Arrays,Search on Answer,minimise-max-distance-to-gas-stations
155,79,5,Binary Search,FAQs,Split array - largest sum,practice,Hard,pro,False,11 min,https://takeuforward.org/strivers-a2z-dsa-sheet/faqs/split-array---largest-sum,https://www.youtube.com/watch?v=thUd_WJn6wk&list=PLgUwDviBIf0pMFMWuuvDNMAkoQFi-h0ZF&index=20,https://takeuforward.org/blogs/data-structure-and-algorithm/split-array-largest-sum,https://leetcode.com/problems/split-array-largest-sum/,Binary Search|Dynamic Programming|Arrays,Search on Answer,split-array---largest-sum
156,66,5,Binary Search,2D Arrays,Find row with maximum 1's,practice,Medium,core,False,10 min,https://takeuforward.org/strivers-a2z-dsa-sheet/2d-arrays/find-row-with-maximum-1's,https://youtu.be/SCz-1TtYxDI,https://takeuforward.org/blogs/data-structure-and-algorithm/find-the-row-with-maximum-1s-in-a-sorted-binary-matrix,,Binary Search|Arrays,Lower Bound / Upper Bound,find-row-with-maximum-1's
157,69,5,Binary Search,2D Arrays,Search in a 2D Matrix,practice,Medium,core,False,15 min,https://takeuforward.org/strivers-a2z-dsa-sheet/2d-arrays/search-in-a-2d-matrix,https://youtu.be/ZYpYur0znng,,https://leetcode.com/problems/search-a-2d-matrix/,Binary Search|Arrays,Lower Bound / Upper Bound,search-in-a-2d-matrix
158,68,5,Binary Search,2D Arrays,Search in 2D matrix - II,practice,Medium,core,False,15 min,https://takeuforward.org/strivers-a2z-dsa-sheet/2d-arrays/search-in-2d-matrix-ii,https://youtu.be/9ZbB397jU4k,https://takeuforward.org/blogs/data-structure-and-algorithm/search-in-a-row-and-column-wise-sorted-matrix,https://leetcode.com/problems/search-a-2d-matrix-ii/,Binary Search|Arrays,Lower Bound / Upper Bound,search-in-2d-matrix-ii
159,65,5,Binary Search,2D Arrays,Find Peak Element - II,practice,Medium,core,False,20 min,https://takeuforward.org/strivers-a2z-dsa-sheet/2d-arrays/find-peak-element-ii,https://youtu.be/nGGp5XBzC4g?si=WCop5C6Azj5gAELH,https://takeuforward.org/blogs/data-structure-and-algorithm/find-peak-element-2d-matrix,https://leetcode.com/problems/find-a-peak-element-ii/,Binary Search|Arrays,Lower Bound / Upper Bound,find-peak-element-ii
160,67,5,Binary Search,2D Arrays,Matrix Median,practice,Hard,pro,False,23 min,https://takeuforward.org/strivers-a2z-dsa-sheet/2d-arrays/matrix-median,https://youtu.be/Q9wXgdxJq48?si=ScI_0uzJh7yg8nrX,https://takeuforward.org/blogs/data-structure-and-algorithm/median-of-a-row-wise-sorted-matrix,https://leetcode.com/problems/median-of-a-row-wise-sorted-matrix/,Binary Search|Arrays,Lower Bound / Upper Bound,matrix-median
161,892,6,Strings (Basic and Medium),Parentheses,Remove Outermost Parentheses,practice,Medium,core,True,,https://takeuforward.org/strivers-a2z-dsa-sheet/parentheses/remove-outermost-parentheses,,,https://leetcode.com/problems/remove-outermost-parentheses/,Stack & Queues|Strings,Parentheses Matching,remove-outermost-parentheses
162,674,6,Strings (Basic and Medium),Parentheses,Maximum Nesting Depth of the Parentheses,practice,Medium,core,True,,https://takeuforward.org/strivers-a2z-dsa-sheet/parentheses/maximum-nesting-depth-of-the-parentheses,,,https://leetcode.com/problems/maximum-nesting-depth-of-the-parentheses/,Stack & Queues|Strings,Parentheses Matching,maximum-nesting-depth-of-the-parentheses
163,903,6,Strings (Basic and Medium),String Conversions,Roman to Integer,practice,Easy,basic,True,,https://takeuforward.org/strivers-a2z-dsa-sheet/string-conversions/roman-to-integer,,,https://leetcode.com/problems/roman-to-integer/,Strings|Hashing|Mathematics,Basic Traversal / Scan,roman-to-integer
164,974,6,Strings (Basic and Medium),String Conversions,String to Integer (atoi),practice,Medium,core,True,,https://takeuforward.org/strivers-a2z-dsa-sheet/string-conversions/string-to-integer-atoi,,,https://leetcode.com/problems/string-to-integer-atoi/,Strings,Simulation / Implementation,string-to-integer-atoi
165,2394,6,Strings (Basic and Medium),Substring Problems,Count Number of Substrings,learning,,,False,,https://takeuforward.org/strivers-a2z-dsa-sheet/substring-problems/count-number-of-substrings,,,,,,count-number-of-substrings
166,638,6,Strings (Basic and Medium),Substring Problems,Longest Palindromic Substring,practice,Medium,core,False,,https://takeuforward.org/strivers-a2z-dsa-sheet/substring-problems/longest-palindromic-substring,,,https://leetcode.com/problems/longest-palindromic-substring/,Strings|Dynamic Programming,Two Pointer,longest-palindromic-substring
167,993,6,Strings (Basic and Medium),Substring Problems,Sum of Beauty of All Substrings,practice,Medium,core,False,,https://takeuforward.org/strivers-a2z-dsa-sheet/substring-problems/sum-of-beauty-of-all-substrings,,,https://leetcode.com/problems/sum-of-beauty-of-all-substrings/,Strings|Hashing,Frequency Counting,sum-of-beauty-of-all-substrings
168,877,7,Recursion,Implementation Problems,"Pow(x,n)",practice,Medium,core,False,23 min,"https://takeuforward.org/strivers-a2z-dsa-sheet/implementation-problems/pow(x,n)",https://youtu.be/l0YC3876qxg,,https://leetcode.com/problems/powx-n/,Mathematics|Recursion & Backtracking,Divide and Conquer,"pow(x,n)"
169,876,7,Recursion,Implementation Problems,Generate Parentheses,practice,Medium,core,True,22 min,https://takeuforward.org/strivers-a2z-dsa-sheet/implementation-problems/generate-parentheses,,,https://leetcode.com/problems/generate-parentheses/,Recursion & Backtracking|Dynamic Programming|Strings,Permutations & Combinations,generate-parentheses
170,878,7,Recursion,Implementation Problems,Power Set,practice,Medium,core,True,20 min,https://takeuforward.org/strivers-a2z-dsa-sheet/implementation-problems/power-set,https://www.youtube.com/watch?v=b7AYbpM5YrE&list=PLgUwDviBIf0p4ozDR_kJJkONnb1wdx2Ma&index=67,,https://leetcode.com/problems/subsets/,Recursion & Backtracking,Subsets,power-set
171,222,7,Recursion,Implementation Problems,Count Good Numbers,practice,Medium,core,True,,https://takeuforward.org/strivers-a2z-dsa-sheet/implementation-problems/count-good-numbers,,https://takeuforward.org/blogs/data-structure-and-algorithm/count-good-numbers,https://leetcode.com/problems/count-good-numbers/,Mathematics|Recursion & Backtracking,Divide and Conquer,count-good-numbers
172,901,7,Recursion,Implementation Problems,Reverse a Stack,practice,Medium,core,True,,https://takeuforward.org/strivers-a2z-dsa-sheet/implementation-problems/reverse-a-stack,,,,Recursion & Backtracking,Simulation / Implementation,reverse-a-stack
173,2400,7,Recursion,Subsequence Pattern Problems,Learn All Patterns of Subsequences (Theory),learning,,,True,,https://takeuforward.org/strivers-a2z-dsa-sheet/subsequence-pattern-problems/learn-all-patterns-of-subsequences,https://www.youtube.com/watch?v=eQCS_v3bw0Q&list=PLgUwDviBIf0rGlzIn_7rsaR2FQ5e6ZOL9&index=7,,,,,learn-all-patterns-of-subsequences
174,879,7,Recursion,Subsequence Pattern Problems,Check if there exists a subsequence with sum K,practice,Medium,core,True,23 min,https://takeuforward.org/strivers-a2z-dsa-sheet/subsequence-pattern-problems/check-if-there-exists-a-subsequence-with-sum-k,,,,Recursion & Backtracking,Subsets,check-if-there-exists-a-subsequence-with-sum-k
175,880,7,Recursion,Subsequence Pattern Problems,Count all subsequences with sum K,practice,Medium,core,True,12 min,https://takeuforward.org/strivers-a2z-dsa-sheet/subsequence-pattern-problems/count-all-subsequences-with-sum-k,,,,Recursion & Backtracking,Subsets,count-all-subsequences-with-sum-k
176,493,7,Recursion,Subsequence Pattern Problems,Generate Binary Strings Without Consecutive 1s,practice,Medium,core,True,,https://takeuforward.org/strivers-a2z-dsa-sheet/subsequence-pattern-problems/generate-binary-strings-without-consecutive-1s,,,,Recursion & Backtracking|Strings,Subsets,generate-binary-strings-without-consecutive-1s
177,864,7,Recursion,FAQs (Medium),Combination Sum,practice,Medium,core,True,16 min,https://takeuforward.org/strivers-a2z-dsa-sheet/faqs-medium/combination-sum,https://www.youtube.com/watch?v=OyZFFqQtu98&list=PLgUwDviBIf0p4ozDR_kJJkONnb1wdx2Ma&index=49,,https://leetcode.com/problems/combination-sum/,Recursion & Backtracking|Arrays,Permutations & Combinations,combination-sum
178,865,7,Recursion,FAQs (Medium),Combination Sum II,practice,Medium,core,True,15 min,https://takeuforward.org/strivers-a2z-dsa-sheet/faqs-medium/combination-sum-ii,https://www.youtube.com/watch?v=G1fRTGRxXU8&list=PLgUwDviBIf0p4ozDR_kJJkONnb1wdx2Ma&index=50,,https://leetcode.com/problems/combination-sum-ii/,Recursion & Backtracking|Arrays,Permutations & Combinations,combination-sum-ii
179,867,7,Recursion,FAQs (Medium),Subsets I,practice,Medium,core,True,7 min,https://takeuforward.org/strivers-a2z-dsa-sheet/faqs-medium/subsets-i,https://www.youtube.com/watch?v=rYkfBRtMJr8&list=PLgUwDviBIf0p4ozDR_kJJkONnb1wdx2Ma&index=52,,https://leetcode.com/problems/subsets/,Recursion & Backtracking|Arrays,Subsets,subsets-i
180,868,7,Recursion,FAQs (Medium),Subsets II,practice,Medium,core,True,21 min,https://takeuforward.org/strivers-a2z-dsa-sheet/faqs-medium/subsets-ii,https://www.youtube.com/watch?v=RIn3gOkbhQE&list=PLgUwDviBIf0p4ozDR_kJJkONnb1wdx2Ma&index=53,,https://leetcode.com/problems/subsets-ii/,Recursion & Backtracking|Arrays|Bit Manipulation,Subsets,subsets-ii
181,866,7,Recursion,FAQs (Medium),Combination Sum III,practice,Hard,pro,True,12 min,https://takeuforward.org/strivers-a2z-dsa-sheet/faqs-medium/combination-sum-iii,,,https://leetcode.com/problems/combination-sum-iii/,Recursion & Backtracking|Arrays,Permutations & Combinations,combination-sum-iii
182,875,7,Recursion,Hard,Letter Combinations of a Phone Number,practice,Hard,pro,False,12 min,https://takeuforward.org/strivers-a2z-dsa-sheet/hard/letter-combinations-of-a-phone-number,,,https://leetcode.com/problems/letter-combinations-of-a-phone-number/,Recursion & Backtracking|Strings|Hashing,Permutations & Combinations,letter-combinations-of-a-phone-number
183,871,7,Recursion,FAQs (Hard),Palindrome partitioning,practice,Hard,pro,False,18 min,https://takeuforward.org/strivers-a2z-dsa-sheet/faqs-hard/palindrome-partitioning,https://youtu.be/_H8V5hJUGd0,,https://leetcode.com/problems/palindrome-partitioning/,Recursion & Backtracking|Dynamic Programming|Strings,Permutations & Combinations,palindrome-partitioning
184,874,7,Recursion,FAQs (Hard),Word Search,practice,Hard,pro,False,19 min,https://takeuforward.org/strivers-a2z-dsa-sheet/faqs-hard/word-search,,,https://leetcode.com/problems/word-search/,Recursion & Backtracking|Strings|Arrays,Constraint Satisfaction,word-search
185,870,7,Recursion,FAQs (Hard),N Queen,practice,Hard,pro,False,24 min,https://takeuforward.org/strivers-a2z-dsa-sheet/faqs-hard/n-queen,https://www.youtube.com/watch?v=i05Ju7AftcM&list=PLgUwDviBIf0p4ozDR_kJJkONnb1wdx2Ma&index=57,,https://leetcode.com/problems/n-queens/,Recursion & Backtracking|Arrays,Constraint Satisfaction,n-queen
186,872,7,Recursion,FAQs (Hard),Rat in a Maze,practice,Hard,pro,False,19 min,https://takeuforward.org/strivers-a2z-dsa-sheet/faqs-hard/rat-in-a-maze,https://www.youtube.com/watch?v=bLGZhJlt4y0&list=PLgUwDviBIf0p4ozDR_kJJkONnb1wdx2Ma&index=60,,,Recursion & Backtracking|Arrays,Constraint Satisfaction,rat-in-a-maze
187,869,7,Recursion,FAQs (Hard),M Coloring Problem,practice,Hard,pro,False,22 min,https://takeuforward.org/strivers-a2z-dsa-sheet/faqs-hard/m-coloring-problem,https://www.youtube.com/watch?v=wuVwUK25Rfc&list=PLgUwDviBIf0p4ozDR_kJJkONnb1wdx2Ma&index=59,,,Recursion & Backtracking|Arrays,Constraint Satisfaction,m-coloring-problem
188,873,7,Recursion,FAQs (Hard),Sudoku Solver,practice,Hard,pro,False,31 min,https://takeuforward.org/strivers-a2z-dsa-sheet/faqs-hard/sudoko-solver,https://www.youtube.com/watch?v=FWAIf_EVUKE&list=PLgUwDviBIf0p4ozDR_kJJkONnb1wdx2Ma&index=58,,https://leetcode.com/problems/sudoku-solver/,Recursion & Backtracking|Arrays|Hashing,Constraint Satisfaction,sudoko-solver
189,3,7,Recursion,FAQs (Hard),Expression Add Operators,practice,Hard,pro,False,,https://takeuforward.org/strivers-a2z-dsa-sheet/faqs-hard/expression-add-operators,,,https://leetcode.com/problems/expression-add-operators/,Recursion & Backtracking|Strings|Mathematics,Permutations & Combinations|Simulation / Implementation,expression-add-operators
190,1237,8,Linked-List,Fundamentals (Single LL),Introduction to Singly LinkedList,learning,,basic,True,37 min,https://takeuforward.org/strivers-a2z-dsa-sheet/fundamentals-single-ll/introduction-to-singly-linkedlist,https://youtu.be/Nq7ok-OyEpg?si=9PR1o8OPRWil7fRA,https://takeuforward.org/blogs/data-structure-and-algorithm/singly-linked-list,,,,introduction-to-singly-linkedlist
191,624,8,Linked-List,Fundamentals (Single LL),Traversal in Linked List,practice,Easy,basic,False,3 min,https://takeuforward.org/strivers-a2z-dsa-sheet/fundamentals-single-ll/traversal-in-linked-list,,,,Linked List,Simulation / Implementation,traversal-in-linked-list
192,1235,8,Linked-List,Fundamentals (Single LL),Deletion in Linked List,learning,,core,False,32 min,https://takeuforward.org/strivers-a2z-dsa-sheet/fundamentals-single-ll/deletion-in-linked-list,,,,,,deletion-in-linked-list
193,1236,8,Linked-List,Fundamentals (Single LL),Insertion in Linked List,learning,,core,False,24 min,https://takeuforward.org/strivers-a2z-dsa-sheet/fundamentals-single-ll/insertion-in-linked-list,,,,,,insertion-in-linked-list
194,352,8,Linked-List,Fundamentals (Single LL),Deletion of the head of LL,practice,Medium,core,True,6 min,https://takeuforward.org/strivers-a2z-dsa-sheet/fundamentals-single-ll/deletion-of-the-head-of-ll,https://youtu.be/VaECK03Dz-g?si=CRaBHbOo2bHFbOT5,,https://leetcode.com/problems/delete-node-in-a-linked-list/,Linked List,Simulation / Implementation,deletion-of-the-head-of-ll
195,354,8,Linked-List,Fundamentals (Single LL),Deletion of the tail of Linked List,practice,Medium,core,False,10 min,https://takeuforward.org/strivers-a2z-dsa-sheet/fundamentals-single-ll/deletion-of-the-tail-of-ll,,,,Linked List,Simulation / Implementation,deletion-of-the-tail-of-ll
196,353,8,Linked-List,Fundamentals (Single LL),Deletion of the Kth element of Linked List,practice,Medium,core,False,15 min,https://takeuforward.org/strivers-a2z-dsa-sheet/fundamentals-single-ll/deletion-of-the-kth-element-of-ll,,,,Linked List,Simulation / Implementation,deletion-of-the-kth-element-of-ll
197,351,8,Linked-List,Fundamentals (Single LL),Delete the element with value X,practice,Medium,core,False,2 min,https://takeuforward.org/strivers-a2z-dsa-sheet/fundamentals-single-ll/delete-the-element-with-value-x,,,,Arrays,Basic Traversal / Scan,delete-the-element-with-value-x
198,356,8,Linked-List,Fundamentals (Single LL),Insertion at the head of Linked List,practice,Medium,core,True,3 min,https://takeuforward.org/strivers-a2z-dsa-sheet/fundamentals-single-ll/insertion-at-the-head-of-ll,https://youtu.be/VaECK03Dz-g?si=vHSwdf9jhE05adKM&t=1934,https://takeuforward.org/blogs/data-structure-and-algorithm/insert-a-node-at-the-beginning-of-a-singly-linked-list,,Linked List,Simulation / Implementation,insertion-at-the-head-of-ll
199,358,8,Linked-List,Fundamentals (Single LL),Insertion at the tail of Linked List,practice,Medium,core,False,4 min,https://takeuforward.org/strivers-a2z-dsa-sheet/fundamentals-single-ll/insertion-at-the-tail-of-ll,,,,Linked List,Simulation / Implementation,insertion-at-the-tail-of-ll
200,357,8,Linked-List,Fundamentals (Single LL),Insertion at the Kth position of Linked List,practice,Medium,core,False,13 min,https://takeuforward.org/strivers-a2z-dsa-sheet/fundamentals-single-ll/insertion-at-the-kth-position-of-ll,,,,Linked List,Simulation / Implementation,insertion-at-the-kth-position-of-ll
201,359,8,Linked-List,Fundamentals (Single LL),Insertion before the value X in Linked List,practice,Medium,core,False,4 min,https://takeuforward.org/strivers-a2z-dsa-sheet/fundamentals-single-ll/insertion-before-the-value-x-in-ll,,,,Linked List,Simulation / Implementation,insertion-before-the-value-x-in-ll
202,470,8,Linked-List,Fundamentals (Single LL),Find the length of the Linked List,practice,Easy,basic,True,,https://takeuforward.org/strivers-a2z-dsa-sheet/fundamentals-single-ll/find-the-length-of-the-linked-list,https://youtu.be/Nq7ok-OyEpg?si=xqQbukLfo2oZ6C6s&t=2240,,,Linked List,Simulation / Implementation,find-the-length-of-the-linked-list
203,905,8,Linked-List,Fundamentals (Single LL),Search in Linked List,practice,Medium,core,True,,https://takeuforward.org/strivers-a2z-dsa-sheet/fundamentals-single-ll/search-in-linked-list,https://youtu.be/Nq7ok-OyEpg?si=WNXcIaXZ_B6cNq0s&t=2524,,,Linked List,Simulation / Implementation,search-in-linked-list
204,1234,8,Linked-List,Fundamentals (Doubly LL),Introduction to Doubly LL,learning,,basic,True,4 min,https://takeuforward.org/strivers-a2z-dsa-sheet/fundamentals-doubly-ll/introduction-to-doubly-ll,https://youtu.be/0eKMU10uEDI?si=uDnoj_C5ghEpNLvP,https://takeuforward.org/blogs/data-structure-and-algorithm/doubly-linked-list,,,,introduction-to-doubly-ll
205,1232,8,Linked-List,Fundamentals (Doubly LL),Deletion in Doubly LL,learning,,core,False,30 min,https://takeuforward.org/strivers-a2z-dsa-sheet/fundamentals-doubly-ll/deletion-in-doubly-ll,,,,,,deletion-in-doubly-ll
206,1233,8,Linked-List,Fundamentals (Doubly LL),Insertion in DLL,learning,,core,False,15 min,https://takeuforward.org/strivers-a2z-dsa-sheet/fundamentals-doubly-ll/insertion-in-dll,,,,,,insertion-in-dll
207,347,8,Linked-List,Fundamentals (Doubly LL),Convert Array to Doubly Linked List,practice,Medium,core,False,10 min,https://takeuforward.org/strivers-a2z-dsa-sheet/fundamentals-doubly-ll/convert-array-to-dll,,,,Linked List,Simulation / Implementation,convert-array-to-dll
208,350,8,Linked-List,Fundamentals (Doubly LL),Delete Tail of Doubly Linked List,practice,Medium,core,False,5 min,https://takeuforward.org/strivers-a2z-dsa-sheet/fundamentals-doubly-ll/delete-tail-of-dll,,,,Linked List,Simulation / Implementation,delete-tail-of-dll
209,349,8,Linked-List,Fundamentals (Doubly LL),Delete Kth Element of Doubly Linked List,practice,Medium,core,False,14 min,https://takeuforward.org/strivers-a2z-dsa-sheet/fundamentals-doubly-ll/delete-kth-element-of-dll,,,,Linked List,Simulation / Implementation,delete-kth-element-of-dll
210,363,8,Linked-List,Fundamentals (Doubly LL),Removing given node in Doubly Linked List,practice,Medium,core,False,5 min,https://takeuforward.org/strivers-a2z-dsa-sheet/fundamentals-doubly-ll/removing-given-node-in-dll,,,,Linked List,Simulation / Implementation,removing-given-node-in-dll
211,361,8,Linked-List,Fundamentals (Doubly LL),Insert node before head in Doubly Linked List,practice,Medium,core,True,3 min,https://takeuforward.org/strivers-a2z-dsa-sheet/fundamentals-doubly-ll/insert-node-before-head-in-dll,https://youtu.be/0eKMU10uEDI?si=J5a0pQTosimcO_aA&t=2684,,,Linked List,Simulation / Implementation,insert-node-before-head-in-dll
212,362,8,Linked-List,Fundamentals (Doubly LL),Insert node before tail in Doubly Linked List,practice,Medium,core,False,5 min,https://takeuforward.org/strivers-a2z-dsa-sheet/fundamentals-doubly-ll/insert-node-before-tail-in-dll,,,,Linked List,Simulation / Implementation,insert-node-before-tail-in-dll
213,360,8,Linked-List,Fundamentals (Doubly LL),Insert node before (kth node) in Doubly Linked List,practice,Medium,core,False,5 min,https://takeuforward.org/strivers-a2z-dsa-sheet/fundamentals-doubly-ll/insert-node-before-kth-node-in-dll,,,,Linked List,Simulation / Implementation,insert-node-before-kth-node-in-dll
214,355,8,Linked-List,Fundamentals (Doubly LL),Insert before given node in Doubly Linked List,practice,Medium,core,False,2 min,https://takeuforward.org/strivers-a2z-dsa-sheet/fundamentals-doubly-ll/insert-before-given-node-in-dll,,,,Linked List,Simulation / Implementation,insert-before-given-node-in-dll
215,348,8,Linked-List,Fundamentals (Doubly LL),Delete head of Doubly Linked List,practice,Medium,core,True,6 min,https://takeuforward.org/strivers-a2z-dsa-sheet/fundamentals-doubly-ll/delete-head-of-dll,https://youtu.be/0eKMU10uEDI?si=sE7jqrW46lfRHVLd&t=853,,,Linked List,Simulation / Implementation,delete-head-of-dll
216,900,8,Linked-List,Fundamentals (Doubly LL),Reverse a Doubly Linked List,practice,Medium,core,True,,https://takeuforward.org/strivers-a2z-dsa-sheet/fundamentals-doubly-ll/reverse-a-doubly-linked-list,https://youtu.be/u3WUW2qe6ww?si=96Wwlju72IvmzkxE,,https://leetcode.com/problems/reverse-linked-list/,Linked List|Recursion & Backtracking,In-place Reversal,reverse-a-doubly-linked-list
217,625,8,Linked-List,Logic Building,Add two numbers in Linked List,practice,Medium,core,True,14 min,https://takeuforward.org/strivers-a2z-dsa-sheet/logic-building/add-two-numbers-in-ll,https://www.youtube.com/watch?v=LBVsXSMOIk4&list=PLgUwDviBIf0p4ozDR_kJJkONnb1wdx2Ma&index=32,,https://leetcode.com/problems/add-two-numbers/,Linked List,Simulation / Implementation,add-two-numbers-in-ll
218,628,8,Linked-List,Logic Building,Segregate odd and even nodes in Linked List,practice,Medium,core,True,24 min,https://takeuforward.org/strivers-a2z-dsa-sheet/logic-building/segregate-odd-and-even-nodes-in-ll,https://youtu.be/qf6qp7GzD5Q?si=JozAyXUdT8EJMSCQ,,https://leetcode.com/problems/odd-even-linked-list/,Linked List,Simulation / Implementation,segregate-odd-and-even-nodes-in-ll
219,629,8,Linked-List,Logic Building,Sort a Linked List of 0's 1's and 2's,practice,Medium,core,True,22 min,https://takeuforward.org/strivers-a2z-dsa-sheet/logic-building/sort-a-ll-of-0's-1's-and-2's,https://youtu.be/gRII7LhdJWc?si=l3qRC7w3NhY7OAqw,https://takeuforward.org/blogs/data-structure-and-algorithm/sort-linked-list-0s-1s-2s-changing-links,,Linked List,Frequency Counting,sort-a-ll-of-0's-1's-and-2's
220,626,8,Linked-List,Logic Building,Remove Nth node from the back of the LL,practice,Medium,core,False,16 min,https://takeuforward.org/strivers-a2z-dsa-sheet/logic-building/remove-nth-node-from-the-back-of-the-ll,https://youtu.be/3kMKYQ2wNIU?si=DtFDnPU7z9HMz_GM,,https://leetcode.com/problems/remove-nth-node-from-end-of-list/,Linked List,Two Pointer,remove-nth-node-from-the-back-of-the-ll
221,627,8,Linked-List,Logic Building,Reverse a LL,practice,Medium,core,True,32 min,https://takeuforward.org/strivers-a2z-dsa-sheet/logic-building/reverse-a-ll,https://youtu.be/D2vI2DNJGd8?si=RCaLSx01qR21IBdh,,https://leetcode.com/problems/reverse-linked-list/,Linked List,In-place Reversal,reverse-a-ll
222,617,8,Linked-List,FAQs (Medium),Add one to a number represented by LL,practice,Medium,core,True,24 min,https://takeuforward.org/strivers-a2z-dsa-sheet/faqs--medium/add-one-to-a-number-represented-by-ll,https://youtu.be/aXQWhbvT3w0?si=uRgU9S4r5cVmnUy7,https://takeuforward.org/blogs/data-structure-and-algorithm/add-one-to-number-linked-list,https://leetcode.com/problems/plus-one-linked-list/,Linked List,Simulation / Implementation,add-one-to-a-number-represented-by-ll
223,448,8,Linked-List,FAQs (Medium),Find Middle of Linked List,practice,Easy,basic,False,14 min,https://takeuforward.org/strivers-a2z-dsa-sheet/faqs--medium/find-middle-of-linked-list,https://youtu.be/7LjQ57RqgEc?si=ir_rRDio38rhamU_,,https://leetcode.com/problems/middle-of-the-linked-list/,Linked List,Fast & Slow Pointers,find-middle-of-linked-list
224,619,8,Linked-List,FAQs (Medium),Delete the middle node in LL,practice,Medium,core,True,16 min,https://takeuforward.org/strivers-a2z-dsa-sheet/faqs--medium/delete-the-middle-node-in-ll,https://youtu.be/ePpV-_pfOeI?si=Au9GsZkVO57j6SiN,https://takeuforward.org/blogs/data-structure-and-algorithm/delete-the-middle-node-of-a-linked-list,https://leetcode.com/problems/delete-the-middle-node-of-a-linked-list/,Linked List,Fast & Slow Pointers,delete-the-middle-node-in-ll
225,618,8,Linked-List,FAQs (Medium),Check if LL is palindrome or not,practice,Medium,core,False,20 min,https://takeuforward.org/strivers-a2z-dsa-sheet/faqs--medium/check-if-ll-is-palindrome-or-not,https://youtu.be/lRY_G-u_8jk?si=BpM8hRYvXSYyjl-G,,https://leetcode.com/problems/palindrome-linked-list/,Linked List,Fast & Slow Pointers|In-place Reversal,check-if-ll-is-palindrome-or-not
226,621,8,Linked-List,FAQs (Medium),Find the intersection point of Y LL,practice,Medium,core,False,32 min,https://takeuforward.org/strivers-a2z-dsa-sheet/faqs--medium/find-the-intersection-point-of-y-ll,https://youtu.be/0DYoPz2Tpt4?si=L-uJs5yXUxj4VJM2,,https://leetcode.com/problems/intersection-of-two-linked-lists/,Linked List,Two Pointer,find-the-intersection-point-of-y-ll
227,620,8,Linked-List,FAQs (Medium),Detect a loop in LL,practice,Medium,core,False,20 min,https://takeuforward.org/strivers-a2z-dsa-sheet/faqs--medium/detect-a-loop-in-ll,https://youtu.be/wiOo4DC5GGA?si=zagt6O6tFXc4_3cx,,https://leetcode.com/problems/linked-list-cycle/,Linked List,Fast & Slow Pointers,detect-a-loop-in-ll
228,622,8,Linked-List,FAQs (Medium),Find the starting point in LL,practice,Medium,core,False,21 min,https://takeuforward.org/strivers-a2z-dsa-sheet/faqs--medium/find-the-starting-point-in-ll,https://youtu.be/2Kd0KKmmHFc?si=7UreDPRjRvapeVB0,,https://leetcode.com/problems/linked-list-cycle-ii/,Linked List,Fast & Slow Pointers,find-the-starting-point-in-ll
229,623,8,Linked-List,FAQs (Medium),Length of loop in LL,practice,Medium,core,True,14 min,https://takeuforward.org/strivers-a2z-dsa-sheet/faqs--medium/length-of-loop-in-ll,https://youtu.be/I4g1qbkTPus?si=ONktpqewvx57T8pF,https://takeuforward.org/blogs/data-structure-and-algorithm/length-of-cycle-linked-list,,Linked List,Fast & Slow Pointers,length-of-loop-in-ll
230,614,8,Linked-List,FAQs (Hard),Reverse LL in group of given size K,practice,Hard,pro,False,24 min,https://takeuforward.org/strivers-a2z-dsa-sheet/faqs--hard/reverse-ll-in-group-of-given-size-k,https://youtu.be/lIar1skcQYI?si=_jFghHKX4eaK36a1,,https://leetcode.com/problems/reverse-nodes-in-k-group/,Linked List,In-place Reversal,reverse-ll-in-group-of-given-size-k
231,615,8,Linked-List,FAQs (Hard),Rotate a LL,practice,Medium,core,False,12 min,https://takeuforward.org/strivers-a2z-dsa-sheet/faqs--hard/rotate-a-ll,https://youtu.be/uT7YI7XbTY8?si=ZaChW3a68c_v54Is,,https://leetcode.com/problems/rotate-list/,Linked List|Arrays,Two Pointer,rotate-a-ll
232,613,8,Linked-List,FAQs (Hard),Merge two Sorted Lists,practice,Medium,core,False,18 min,https://takeuforward.org/strivers-a2z-dsa-sheet/faqs--hard/merge-sorted-lists-,https://www.youtube.com/watch?v=Xb4slcp1U38&list=PLgUwDviBIf0p4ozDR_kJJkONnb1wdx2Ma&index=29,https://takeuforward.org/blogs/data-structure-and-algorithm/merge-two-sorted-linked-lists,https://leetcode.com/problems/merge-two-sorted-lists/,Linked List|Recursion & Backtracking,Two Pointer,merge-sorted-lists-
233,612,8,Linked-List,FAQs (Hard),Flattening of LL,practice,Hard,pro,False,33 min,https://takeuforward.org/strivers-a2z-dsa-sheet/faqs--hard/flattening-of-ll,https://youtu.be/ykelywHJWLg?si=InMg9MmTHzY22NSR,,https://leetcode.com/problems/merge-k-sorted-lists/,Linked List,K-way Merge,flattening-of-ll
234,616,8,Linked-List,FAQs (Hard),Sort LL,practice,Medium,core,True,22 min,https://takeuforward.org/strivers-a2z-dsa-sheet/faqs--hard/sort-ll,https://youtu.be/8ocB7a_c-Cc?si=Gv-Y8q8-WyARoV35,https://takeuforward.org/blogs/data-structure-and-algorithm/sort-a-linked-list-using-merge-sort,https://leetcode.com/problems/sort-list/,Linked List,Divide and Conquer,sort-ll
235,611,8,Linked-List,FAQs (Hard),Clone a LL with random and next pointer,practice,Hard,pro,False,33 min,https://takeuforward.org/strivers-a2z-dsa-sheet/faqs--hard/clone-a-ll-with-random-and-next-pointer,https://youtu.be/q570bKdrnlw?si=epZtpWvtNwuTf23o,https://takeuforward.org/blogs/data-structure-and-algorithm/clone-linked-list-random-pointer,https://leetcode.com/problems/copy-list-with-random-pointer/,Linked List,Simulation / Implementation,clone-a-ll-with-random-and-next-pointer
236,609,8,Linked-List,FAQS (DLL),Delete all occurrences of a key in DLL,practice,Medium,core,False,11 min,https://takeuforward.org/strivers-a2z-dsa-sheet/faqs--dll/delete-all-occurrences-of-a-key-in-dll,https://youtu.be/Mh0NH_SD92k?si=tCYshBRi1upMqSVz,https://takeuforward.org/blogs/data-structure-and-algorithm/delete-all-occurrences-of-a-key-in-a-doubly-linked-list,,Linked List,Simulation / Implementation,delete-all-occurrences-of-a-key-in-dll
237,610,8,Linked-List,FAQS (DLL),Remove duplicates from sorted DLL,practice,Medium,core,False,12 min,https://takeuforward.org/strivers-a2z-dsa-sheet/faqs--dll/remove-duplicated-from-sorted-dll,https://youtu.be/YJKVTnOJXSY?si=AsZoNUoewetsBjr0,https://takeuforward.org/blogs/data-structure-and-algorithm/remove-duplicates-from-a-sorted-doubly-linked-list,,Linked List,Two Pointer,remove-duplicated-from-sorted-dll
238,452,8,Linked-List,FAQS (DLL),Find Pairs with Given Sum in Doubly Linked List,practice,Medium,core,False,,https://takeuforward.org/strivers-a2z-dsa-sheet/faqs--dll/find-pairs-with-given-sum-in-doubly-linked-list,https://youtu.be/YitR4dQsddE?si=iZAC259hdngV_OxC,,,Linked List,Two Pointer,find-pairs-with-given-sum-in-doubly-linked-list
239,1155,9,Bit Manipulation,Theory,Introduction to Bits and Tricks,learning,,basic,True,80 min,https://takeuforward.org/strivers-a2z-dsa-sheet/theory/introduction-to-bits-and-tricks,https://youtu.be/qQd-ViW7bfk?si=QtdNaRhHmZb08Mr8,,,,,introduction-to-bits-and-tricks
240,177,9,Bit Manipulation,Bit Fundamentals,Check if the i-th bit is Set or Not,practice,Easy,basic,True,,https://takeuforward.org/strivers-a2z-dsa-sheet/bit-fundamentals/check-if-the-i-th-bit-is-set-or-not,https://youtu.be/nttpF8kwgd4?si=x9o8PsYaA2XVZ9rV,,,Bit Manipulation,Basic Traversal / Scan,check-if-the-i-th-bit-is-set-or-not
241,171,9,Bit Manipulation,Bit Fundamentals,Check if a Number is Odd or Not,practice,Easy,basic,True,,https://takeuforward.org/strivers-a2z-dsa-sheet/bit-fundamentals/check-if-a-number-is-odd-or-not,https://youtu.be/nttpF8kwgd4?si=x9o8PsYaA2XVZ9rV,,,Bit Manipulation,Basic Traversal / Scan,check-if-a-number-is-odd-or-not
242,172,9,Bit Manipulation,Bit Fundamentals,Check if a Number is Power of 2 or Not,practice,Easy,basic,True,,https://takeuforward.org/strivers-a2z-dsa-sheet/bit-fundamentals/check-if-a-number-is-power-of-2-or-not,https://youtu.be/nttpF8kwgd4?si=x9o8PsYaA2XVZ9rV,,https://leetcode.com/problems/power-of-two/,Bit Manipulation,Basic Traversal / Scan,check-if-a-number-is-power-of-2-or-not
243,243,9,Bit Manipulation,Bit Fundamentals,Count the Number of Set Bits,practice,Easy,basic,True,,https://takeuforward.org/strivers-a2z-dsa-sheet/bit-fundamentals/count-the-number-of-set-bits,https://youtu.be/nttpF8kwgd4?si=x9o8PsYaA2XVZ9rV,,https://leetcode.com/problems/number-of-1-bits/,Bit Manipulation,Basic Traversal / Scan,count-the-number-of-set-bits
244,2410,9,Bit Manipulation,Bit Fundamentals,Set/Unset the rightmost unset bit,learning,,,True,,https://takeuforward.org/strivers-a2z-dsa-sheet/bit-fundamentals/setunset-the-rightmost-unset-bit,https://youtu.be/nttpF8kwgd4?si=x9o8PsYaA2XVZ9rV,,,,,setunset-the-rightmost-unset-bit
245,1005,9,Bit Manipulation,Bit Fundamentals,Swap Two Numbers,practice,Easy,basic,True,,https://takeuforward.org/strivers-a2z-dsa-sheet/bit-fundamentals/swap-two-numbers,https://youtu.be/nttpF8kwgd4?si=x9o8PsYaA2XVZ9rV,,,Bit Manipulation,Bitwise XOR,swap-two-numbers
246,141,9,Bit Manipulation,Problems,Minimum Bit Flips to Convert Number,practice,Easy,basic,True,7 min,https://takeuforward.org/strivers-a2z-dsa-sheet/problems/minimum-bit-flips-to-convert-number,https://youtu.be/OOdrmcfZXd8?si=rnkRVz1UiVBKWC69,,https://leetcode.com/problems/minimum-bit-flips-to-convert-number/,Bit Manipulation,Bitwise XOR,minimum-bit-flips-to-convert-number
247,143,9,Bit Manipulation,Problems,Single Number - I,practice,Easy,basic,True,7 min,https://takeuforward.org/strivers-a2z-dsa-sheet/problems/single-number---i,https://youtu.be/bYWLJb3vCWY?t=1369,,https://leetcode.com/problems/single-number/,Bit Manipulation,Bitwise XOR,single-number---i
248,144,9,Bit Manipulation,Problems,Single Number - II,practice,Medium,core,False,30 min,https://takeuforward.org/strivers-a2z-dsa-sheet/problems/single-number---ii,,,https://leetcode.com/problems/single-number-ii/,Bit Manipulation|Arrays,Basic Traversal / Scan,single-number---ii
249,145,9,Bit Manipulation,Problems,Single Number - III,practice,Hard,pro,False,24 min,https://takeuforward.org/strivers-a2z-dsa-sheet/problems/single-number---iii,https://youtu.be/UA5JnV1J2sI?si=VFBRJyb3boZvx_r1,,https://leetcode.com/problems/single-number-iii/,Bit Manipulation|Arrays,Bitwise XOR,single-number---iii
250,140,9,Bit Manipulation,Problems,Divide two numbers without multiplication and division,practice,Medium,core,False,19 min,https://takeuforward.org/strivers-a2z-dsa-sheet/problems/divide-two-numbers-without-multiplication-and-division,https://youtu.be/pBD4B1tzgVc?si=G9c5pEE-RrzeU6sz,https://takeuforward.org/blogs/data-structure-and-algorithm/divide-two-integers-without-multiplication-division-modulo,https://leetcode.com/problems/divide-two-integers/,Bit Manipulation,Basic Traversal / Scan,divide-two-numbers-without-multiplication-and-division
251,142,9,Bit Manipulation,Problems,Power Set Bit Manipulation,practice,Medium,core,True,12 min,https://takeuforward.org/strivers-a2z-dsa-sheet/problems/power-set-bit-manipulation,https://youtu.be/LqKaUv1G3_I?si=UXU_T5OsHiokPRvP,,https://leetcode.com/problems/subsets/,Bit Manipulation,Bitmask Enumeration,power-set-bit-manipulation
252,146,9,Bit Manipulation,Problems,XOR of numbers in a given range,practice,Medium,core,False,5 min,https://takeuforward.org/strivers-a2z-dsa-sheet/problems/xor-of-numbers-in-a-given-range,https://youtu.be/WqGb7159h7Q?si=uGUEbNUUaIN_6Vvr,https://takeuforward.org/blogs/data-structure-and-algorithm/xor-of-numbers-in-a-range-l-to-r,,Bit Manipulation,Bitwise XOR,xor-of-numbers-in-a-given-range
253,541,10,Greedy Algorithms,Easy,Assign Cookies,practice,Medium,core,True,10 min,https://takeuforward.org/strivers-a2z-dsa-sheet/easy/assign-cookies,https://youtu.be/DIX2p7vb9co?si=GofAIDimue-Av0Fi,,https://leetcode.com/problems/assign-cookies/,Greedy Algorithms|Dynamic Programming|Arrays,Greedy Choice|Sort and Scan,assign-cookies
254,543,10,Greedy Algorithms,Easy,Lemonade Change,practice,Medium,core,True,9 min,https://takeuforward.org/strivers-a2z-dsa-sheet/easy/lemonade-change,https://youtu.be/n_tmibEhO6Q?si=q1NW8MfPy0QU6fIl,https://takeuforward.org/blogs/data-structure-and-algorithm/lemonade-change,https://leetcode.com/problems/lemonade-change/,Greedy Algorithms|Arrays,Greedy Choice,lemonade-change
255,489,10,Greedy Algorithms,Easy,Fractional Knapsack,practice,Medium,core,True,,https://takeuforward.org/strivers-a2z-dsa-sheet/easy/fractional-knapsack,https://youtu.be/1ibsQrnuEEg?si=8R2By3wpHo0zZVHE,,,Greedy Algorithms|Mathematics,Greedy Choice,fractional-knapsack
256,542,10,Greedy Algorithms,Easy,Jump Game - I,practice,Medium,core,False,10 min,https://takeuforward.org/strivers-a2z-dsa-sheet/easy/jump-game---i,https://youtu.be/tZAa_jJ3SwQ?si=voKd7n9VTLDRRNzJ,https://takeuforward.org/blogs/data-structure-and-algorithm/jump-game,https://leetcode.com/problems/jump-game/,Greedy Algorithms|Dynamic Programming|Arrays,Greedy Choice,jump-game---i
257,551,10,Greedy Algorithms,Scheduling and Interval Problems,Shortest Job First,practice,Medium,core,False,7 min,https://takeuforward.org/strivers-a2z-dsa-sheet/scheduling-and-interval-problems/shortest-job-first,https://youtu.be/3-QbX1iDbXs?si=IH8QZUblr01F7UoQ,,,Greedy Algorithms|Arrays,Greedy Choice,shortest-job-first
258,547,10,Greedy Algorithms,Scheduling and Interval Problems,Job sequencing Problem,practice,Medium,core,False,16 min,https://takeuforward.org/strivers-a2z-dsa-sheet/scheduling-and-interval-problems/job-sequencing-problem,https://youtu.be/QbwltemZbRg?si=wvcemJ5BLPlTRmkG,https://takeuforward.org/blogs/data-structure-and-algorithm/job-sequencing-problem,,Greedy Algorithms|Arrays,Greedy Choice,job-sequencing-problem
259,549,10,Greedy Algorithms,Scheduling and Interval Problems,N meetings in one room,practice,Medium,core,False,13 min,https://takeuforward.org/strivers-a2z-dsa-sheet/scheduling-and-interval-problems/n-meetings-in-one-room,https://youtu.be/mKfhTotEguk?si=2RELeq18mpmIIN3Q,https://takeuforward.org/blogs/data-structure-and-algorithm/n-meetings-in-one-room,,Greedy Algorithms|Arrays,Intervals / Scheduling,n-meetings-in-one-room
260,550,10,Greedy Algorithms,Scheduling and Interval Problems,Non-overlapping Intervals,practice,Medium,core,False,8 min,https://takeuforward.org/strivers-a2z-dsa-sheet/scheduling-and-interval-problems/non-overlapping-intervals,https://youtu.be/HDHQ8lAWakY?si=JVtLqboGdpUTOVjf,https://takeuforward.org/blogs/data-structure-and-algorithm/non-overlapping-intervals,https://leetcode.com/problems/non-overlapping-intervals/,Greedy Algorithms|Arrays,Intervals / Scheduling|Sort and Scan,non-overlapping-intervals
261,546,10,Greedy Algorithms,Scheduling and Interval Problems,Insert Interval,practice,Medium,core,False,13 min,https://takeuforward.org/strivers-a2z-dsa-sheet/scheduling-and-interval-problems/insert-interval,https://youtu.be/xxRE-46OCC8?si=a7aPuIw16zDx2lAa,https://takeuforward.org/blogs/data-structure-and-algorithm/insert-interval,https://leetcode.com/problems/insert-interval/,Greedy Algorithms|Arrays,Intervals / Scheduling,insert-interval
262,712,10,Greedy Algorithms,Scheduling and Interval Problems,Merge Intervals,practice,Medium,core,False,,https://takeuforward.org/strivers-a2z-dsa-sheet/scheduling-and-interval-problems/merge-intervals,https://www.youtube.com/watch?v=2JzRBPFYbKE&list=PLgUwDviBIf0rPG3Ictpu74YWBQ1CaBkm2&index=6,,https://leetcode.com/problems/merge-intervals/,Greedy Algorithms|Arrays|Sorting,Intervals / Scheduling|Sort and Scan,merge-intervals
263,548,10,Greedy Algorithms,Scheduling and Interval Problems,Minimum number of platforms required for a railway,practice,Medium,core,False,18 min,https://takeuforward.org/strivers-a2z-dsa-sheet/scheduling-and-interval-problems/minimum-number-of-platforms-required-for-a-railway,https://youtu.be/AsGzwR_FWok?si=165acXU_dtqOHuo9,https://takeuforward.org/blogs/data-structure-and-algorithm/minimum-platforms-required-for-a-railway-station,https://leetcode.com/problems/divide-intervals-into-minimum-number-of-groups/,Greedy Algorithms|Mathematics,Intervals / Scheduling,minimum-number-of-platforms-required-for-a-railway
264,545,10,Greedy Algorithms,Hard,Valid Paranthesis Checker,practice,Hard,pro,True,25 min,https://takeuforward.org/strivers-a2z-dsa-sheet/hard/valid-paranthesis-checker,https://youtu.be/cHT6sG_hUZI?si=XRHeyh7jOaLaTy3g,,https://leetcode.com/problems/valid-parenthesis-string/,Greedy Algorithms|Arrays,Greedy Choice,valid-paranthesis-checker
265,544,10,Greedy Algorithms,Hard,Candy,practice,Hard,pro,False,30 min,https://takeuforward.org/strivers-a2z-dsa-sheet/hard/candy,https://youtu.be/IIqVFvKE6RY?si=EjmuXZJNLQLUkEd7,https://takeuforward.org/blogs/data-structure-and-algorithm/candy-distribution-problem,https://leetcode.com/problems/candy/,Greedy Algorithms|Arrays,Greedy Choice,candy
266,595,10,Greedy Algorithms,Hard,Jump Game II,practice,Hard,pro,False,,https://takeuforward.org/strivers-a2z-dsa-sheet/hard/jump-game-ii,https://youtu.be/7SBVnw7GSTk?si=9uUouBELh9K3m2jZ,https://takeuforward.org/blogs/data-structure-and-algorithm/jump-game-ii-minimum-jumps,https://leetcode.com/problems/jump-game-ii/,Greedy Algorithms|Dynamic Programming|Arrays,Greedy Choice,jump-game-ii
267,1254,11,Sliding Window / 2 Pointer,Pattern and Template,Theory,learning,,core,False,36 min,https://takeuforward.org/strivers-a2z-dsa-sheet/pattern-and-template/theory,,,,,,theory
268,922,11,Sliding Window / 2 Pointer,Constant Window,Maximum Points You Can Obtain from Cards,practice,Medium,core,True,11 min,https://takeuforward.org/strivers-a2z-dsa-sheet/constant-window/maximum-points-you-can-obtain-from-cards-,https://youtu.be/pBWCOCS636U?si=-X64rY67noxvOwrG,https://takeuforward.org/blogs/data-structure-and-algorithm/maximum-points-you-can-obtain-from-cards,https://leetcode.com/problems/maximum-points-you-can-obtain-from-cards/,Arrays,Sliding Window,maximum-points-you-can-obtain-from-cards-
269,929,11,Sliding Window / 2 Pointer,Longest and Smallest Window Problems,Longest Substring Without Repeating Characters,practice,Medium,core,False,22 min,https://takeuforward.org/strivers-a2z-dsa-sheet/longest-and-smallest-window-problems/longest-substring-without-repeating-characters,https://youtu.be/-zSxTJkcdAo?si=I2zfR-vlDMg0zU9z,,https://leetcode.com/problems/longest-substring-without-repeating-characters/,Strings|Hashing,Sliding Window,longest-substring-without-repeating-characters
270,930,11,Sliding Window / 2 Pointer,Longest and Smallest Window Problems,Max Consecutive Ones III,practice,Medium,core,True,29 min,https://takeuforward.org/strivers-a2z-dsa-sheet/longest-and-smallest-window-problems/max-consecutive-ones-iii,https://youtu.be/3E4JBHSLpYk?si=SoOW64pP6otEKxBw,https://takeuforward.org/blogs/data-structure-and-algorithm/max-consecutive-ones-iii,https://leetcode.com/problems/max-consecutive-ones-iii/,Arrays,Sliding Window,max-consecutive-ones-iii
271,926,11,Sliding Window / 2 Pointer,Longest and Smallest Window Problems,Fruit Into Baskets,practice,Medium,core,True,29 min,https://takeuforward.org/strivers-a2z-dsa-sheet/longest-and-smallest-window-problems/fruit-into-baskets,https://youtu.be/e3bs0uA1NhQ?si=gR8pO62u-nJeFAXk,https://takeuforward.org/blogs/data-structure-and-algorithm/fruit-into-baskets,https://leetcode.com/problems/fruit-into-baskets/,Arrays|Hashing,Sliding Window,fruit-into-baskets
272,928,11,Sliding Window / 2 Pointer,Longest and Smallest Window Problems,Longest Substring With At Most K Distinct Characters,practice,Hard,pro,False,21 min,https://takeuforward.org/strivers-a2z-dsa-sheet/longest-and-smallest-window-problems/longest-substring-with-at-most-k-distinct-characters,https://youtu.be/teM9ZsVRQyc?si=Kh0_u6aCkkBU3Q33,https://takeuforward.org/blogs/data-structure-and-algorithm/longest-substring-with-at-most-k-distinct-characters,https://leetcode.com/problems/longest-substring-with-at-most-k-distinct-characters/,Strings|Hashing,Sliding Window,longest-substring-with-at-most-k-distinct-characters
273,927,11,Sliding Window / 2 Pointer,Longest and Smallest Window Problems,Longest Repeating Character Replacement,practice,Hard,pro,True,25 min,https://takeuforward.org/strivers-a2z-dsa-sheet/longest-and-smallest-window-problems/longest-repeating-character-replacement,https://youtu.be/_eNhaDCr6P0?si=pBWcEjozF5poom0p,https://takeuforward.org/blogs/data-structure-and-algorithm/longest-repeating-character-replacement,https://leetcode.com/problems/longest-repeating-character-replacement/,Strings|Hashing,Sliding Window,longest-repeating-character-replacement
274,931,11,Sliding Window / 2 Pointer,Longest and Smallest Window Problems,Minimum Window Substring,practice,Hard,pro,False,26 min,https://takeuforward.org/strivers-a2z-dsa-sheet/longest-and-smallest-window-problems/minimum-window-substring-,https://youtu.be/WJaij9ffOIY?si=-xnsWIH84zWU0ICd,,https://leetcode.com/problems/minimum-window-substring/,Strings|Hashing,Sliding Window,minimum-window-substring-
275,754,11,Sliding Window / 2 Pointer,Longest and Smallest Window Problems,Minimum Window Subsequence,practice,Hard,pro,False,,https://takeuforward.org/strivers-a2z-dsa-sheet/longest-and-smallest-window-problems/minimum-window-subsequence,,,https://leetcode.com/problems/minimum-window-subsequence/,Strings|Dynamic Programming,Sliding Window,minimum-window-subsequence
276,925,11,Sliding Window / 2 Pointer,Counting Subarrays / Substrings Problems,Number of Substrings Containing All Three Characters,practice,Medium,core,True,19 min,https://takeuforward.org/strivers-a2z-dsa-sheet/counting-subarrays-and-substrings-problems/number-of-substrings-containing-all-three-characters,https://youtu.be/xtqN4qlgr8s?si=kuaLHVOLXhh5Z2tW,https://takeuforward.org/blogs/data-structure-and-algorithm/count-substrings-containing-all-three-characters-a-b-and-c,https://leetcode.com/problems/number-of-substrings-containing-all-three-characters/,Strings|Hashing,Sliding Window,number-of-substrings-containing-all-three-characters
277,923,11,Sliding Window / 2 Pointer,Counting Subarrays / Substrings Problems,Binary Subarrays With Sum,practice,Medium,core,True,20 min,https://takeuforward.org/strivers-a2z-dsa-sheet/counting-subarrays-and-substrings-problems/binary-subarrays-with-sum,https://youtu.be/XnMdNUkX6VM?si=Nyt8EveeLUg8lmty,https://takeuforward.org/blogs/data-structure-and-algorithm/binary-subarrays-with-sum,https://leetcode.com/problems/binary-subarrays-with-sum/,Arrays|Hashing,Sliding Window,binary-subarrays-with-sum
278,924,11,Sliding Window / 2 Pointer,Counting Subarrays / Substrings Problems,Count number of Nice subarrays,practice,Hard,pro,True,4 min,https://takeuforward.org/strivers-a2z-dsa-sheet/counting-subarrays-and-substrings-problems/count-number-of-nice-subarrays,https://youtu.be/j_QOv9OT9Og?si=Oq5-5hyFkzVSOZpP,https://takeuforward.org/blogs/data-structure-and-algorithm/count-nice-subarrays,https://leetcode.com/problems/count-number-of-nice-subarrays/,Arrays|Hashing|Mathematics,Sliding Window,count-number-of-nice-subarrays
279,988,11,Sliding Window / 2 Pointer,Counting Subarrays / Substrings Problems,Subarrays with K Different Integers,practice,Hard,pro,False,,https://takeuforward.org/strivers-a2z-dsa-sheet/counting-subarrays-and-substrings-problems/subarrays-with-k-different-integers,https://youtu.be/7wYGbV_LsX4?si=KWa48RgLDCvdNqRb,https://takeuforward.org/blogs/data-structure-and-algorithm/subarrays-with-k-different-integers,https://leetcode.com/problems/subarrays-with-k-different-integers/,Arrays|Hashing,Sliding Window,subarrays-with-k-different-integers
280,1256,12,Stack / Queues,Implementation,Implementation using different DS,learning,,core,False,64 min,https://takeuforward.org/strivers-a2z-dsa-sheet/implementation/implementation-using-different-ds,,,,,,implementation-using-different-ds
281,390,12,Stack / Queues,Implementation,Implement Stack using Arrays,practice,Medium,core,True,8 min,https://takeuforward.org/strivers-a2z-dsa-sheet/implementation/implement-stack-using-arrays,https://youtu.be/tqQ5fTamIN4?si=ofLt8Zt1ZvhikZ6w,https://takeuforward.org/blogs/data-structure-and-algorithm/implement-a-stack-using-an-array,,Stack & Queues|Arrays,Simulation / Implementation,implement-stack-using-arrays
282,387,12,Stack / Queues,Implementation,Implement Queue using Arrays,practice,Medium,core,True,12 min,https://takeuforward.org/strivers-a2z-dsa-sheet/implementation/implement-queue-using-arrays,https://youtu.be/tqQ5fTamIN4?si=ofLt8Zt1ZvhikZ6w,https://takeuforward.org/blogs/data-structure-and-algorithm/implement-a-queue-using-an-array,,Stack & Queues|Arrays,Simulation / Implementation,implement-queue-using-arrays
283,392,12,Stack / Queues,Implementation,Implement Stack using Queue,practice,Medium,core,True,6 min,https://takeuforward.org/strivers-a2z-dsa-sheet/implementation/implement-stack-using-queue,https://youtu.be/tqQ5fTamIN4?si=ofLt8Zt1ZvhikZ6w,,https://leetcode.com/problems/implement-stack-using-queues/,Stack & Queues,Simulation / Implementation,implement-stack-using-queue
284,389,12,Stack / Queues,Implementation,Implement Queue using Stack,practice,Medium,core,True,14 min,https://takeuforward.org/strivers-a2z-dsa-sheet/implementation/implement-queue-using-stack,https://youtu.be/tqQ5fTamIN4?si=ofLt8Zt1ZvhikZ6w,https://takeuforward.org/blogs/data-structure-and-algorithm/implement-a-queue-using-stacks,https://leetcode.com/problems/implement-queue-using-stacks/,Stack & Queues,Simulation / Implementation,implement-queue-using-stack
285,391,12,Stack / Queues,Implementation,Implement stack using Linkedlist,practice,Medium,core,True,7 min,https://takeuforward.org/strivers-a2z-dsa-sheet/implementation/implement-stack-using-linkedlist,https://youtu.be/tqQ5fTamIN4?si=ofLt8Zt1ZvhikZ6w,https://takeuforward.org/blogs/data-structure-and-algorithm/implement-a-stack-using-a-linked-list,,Stack & Queues,Simulation / Implementation,implement-stack-using-linkedlist
286,388,12,Stack / Queues,Implementation,Implement queue using Linkedlist,practice,Medium,core,True,7 min,https://takeuforward.org/strivers-a2z-dsa-sheet/implementation/implement-queue-using-linkedlist,https://youtu.be/tqQ5fTamIN4?si=ofLt8Zt1ZvhikZ6w,,,Stack & Queues,Simulation / Implementation,implement-queue-using-linkedlist
287,966,12,Stack / Queues,Implementation,Balanced Paranthesis,practice,Medium,core,True,12 min,https://takeuforward.org/strivers-a2z-dsa-sheet/implementation/balanced-paranthesis,https://youtu.be/xwjS0iZhw4I?si=UoyKpFn4Q3nf5h2R,https://takeuforward.org/blogs/data-structure-and-algorithm/check-balanced-parentheses-using-a-stack,https://leetcode.com/problems/valid-parentheses/,Stack & Queues|Strings,Parentheses Matching,balanced-paranthesis
288,586,12,Stack / Queues,"Prefix, Infix and Postfix Conversions",Infix to Postfix Conversion,practice,Medium,core,False,,https://takeuforward.org/strivers-a2z-dsa-sheet/expression-conversions/infix-to-postfix-conversion,https://youtu.be/4pIc9UBHJtk?si=ryeVvQWpCgwbTQrh,,,Stack & Queues,Expression Evaluation,infix-to-postfix-conversion
289,587,12,Stack / Queues,"Prefix, Infix and Postfix Conversions",Infix to Prefix Conversion,practice,Medium,core,False,,https://takeuforward.org/strivers-a2z-dsa-sheet/expression-conversions/infix-to-prefix-conversion,https://youtu.be/4pIc9UBHJtk?si=0pWtyDC1GhbiYP3P,,,Stack & Queues,Expression Evaluation,infix-to-prefix-conversion
290,848,12,Stack / Queues,"Prefix, Infix and Postfix Conversions",Prefix to Infix Conversion,practice,Medium,core,False,,https://takeuforward.org/strivers-a2z-dsa-sheet/expression-conversions/prefix-to-infix-conversion,https://youtu.be/4pIc9UBHJtk?si=ryeVvQWpCgwbTQrh,,,Stack & Queues,Expression Evaluation,prefix-to-infix-conversion
291,849,12,Stack / Queues,"Prefix, Infix and Postfix Conversions",Prefix to Postfix Conversion,practice,Medium,core,False,,https://takeuforward.org/strivers-a2z-dsa-sheet/expression-conversions/prefix-to-postfix-conversion,https://youtu.be/4pIc9UBHJtk?si=0pWtyDC1GhbiYP3P,,,Stack & Queues,Expression Evaluation,prefix-to-postfix-conversion
292,824,12,Stack / Queues,"Prefix, Infix and Postfix Conversions",Postfix to Infix Conversion,practice,Medium,core,False,,https://takeuforward.org/strivers-a2z-dsa-sheet/expression-conversions/postfix-to-infix-conversion,https://youtu.be/4pIc9UBHJtk?si=0pWtyDC1GhbiYP3P,,,Stack & Queues,Expression Evaluation,postfix-to-infix-conversion
293,825,12,Stack / Queues,"Prefix, Infix and Postfix Conversions",Postfix to Prefix Conversion,practice,Medium,core,False,,https://takeuforward.org/strivers-a2z-dsa-sheet/expression-conversions/postfix-to-prefix-conversion,https://youtu.be/4pIc9UBHJtk?si=0pWtyDC1GhbiYP3P,,,Stack & Queues,Expression Evaluation,postfix-to-prefix-conversion
294,968,12,Stack / Queues,Monotonic Stack,Next Greater Element,practice,Medium,core,True,18 min,https://takeuforward.org/strivers-a2z-dsa-sheet/monotonic-stack/next-greater-element,https://youtu.be/e7XQLtOQM3I?si=QdcHpTtx6gAHsext,https://takeuforward.org/blogs/data-structure-and-algorithm/next-greater-element,https://leetcode.com/problems/next-greater-element-i/,Stack & Queues|Arrays,Monotonic Stack / Queue,next-greater-element
295,969,12,Stack / Queues,Monotonic Stack,Next Greater Element - 2,practice,Medium,core,True,15 min,https://takeuforward.org/strivers-a2z-dsa-sheet/monotonic-stack/next-greater-element---2,https://youtu.be/7PrncD7v9YQ?si=UkBc7eVy9HGlBpeW,https://takeuforward.org/blogs/data-structure-and-algorithm/next-greater-element-ii-circular-array,https://leetcode.com/problems/next-greater-element-ii/,Stack & Queues|Arrays,Monotonic Stack / Queue,next-greater-element---2
296,967,12,Stack / Queues,Monotonic Stack,Asteroid Collision,practice,Medium,core,True,17 min,https://takeuforward.org/strivers-a2z-dsa-sheet/monotonic-stack/asteroid-collision,https://youtu.be/_eYGqw_VDR4?si=YyxibcHq800RqgIQ,https://takeuforward.org/blogs/data-structure-and-algorithm/asteroid-collision,https://leetcode.com/problems/asteroid-collision/,Stack & Queues|Arrays,Simulation / Implementation,asteroid-collision
297,971,12,Stack / Queues,Monotonic Stack,Sum of Subarray Minimums,practice,Medium,core,True,23 min,https://takeuforward.org/strivers-a2z-dsa-sheet/monotonic-stack/sum-of-subarray-minimums,https://youtu.be/v0e8p9JCgRc?si=XAU7ekECgS5nboRw,https://takeuforward.org/blogs/data-structure-and-algorithm/sum-of-subarray-minimums,https://leetcode.com/problems/sum-of-subarray-minimums/,Stack & Queues|Dynamic Programming|Arrays,Monotonic Stack / Queue,sum-of-subarray-minimums
298,972,12,Stack / Queues,Monotonic Stack,Sum of Subarray Ranges,practice,Medium,core,True,10 min,https://takeuforward.org/strivers-a2z-dsa-sheet/monotonic-stack/sum-of-subarray-ranges,https://youtu.be/gIrMptNPf5M?si=Q_GHuBvzZVs27X_U,https://takeuforward.org/blogs/data-structure-and-algorithm/sum-of-subarray-ranges,https://leetcode.com/problems/sum-of-subarray-ranges/,Stack & Queues|Arrays,Monotonic Stack / Queue,sum-of-subarray-ranges
299,970,12,Stack / Queues,Monotonic Stack,Remove K Digits,practice,Medium,core,True,15 min,https://takeuforward.org/strivers-a2z-dsa-sheet/monotonic-stack/remove-k-digits,https://youtu.be/jmbuRzYPGrg?si=WN387gwQ7aXWkUao,https://takeuforward.org/blogs/data-structure-and-algorithm/remove-k-digits,https://leetcode.com/problems/remove-k-digits/,Stack & Queues|Strings,Monotonic Stack / Queue,remove-k-digits
300,768,12,Stack / Queues,Monotonic Stack,Next Smaller Element,practice,Medium,core,True,,https://takeuforward.org/strivers-a2z-dsa-sheet/monotonic-stack/next-smaller-element,,,,Stack & Queues|Arrays,Monotonic Stack / Queue,next-smaller-element
301,958,12,Stack / Queues,FAQs,Implement Min Stack,practice,Medium,core,True,21 min,https://takeuforward.org/strivers-a2z-dsa-sheet/faqs/implement-min-stack,https://youtu.be/NdDIaH91P0g?si=4_Jbsq5trFvfSdUY,,https://leetcode.com/problems/min-stack/,Stack & Queues,Simulation / Implementation,implement-min-stack
302,963,12,Stack / Queues,FAQs,Sliding Window Maximum,practice,Hard,pro,False,20 min,https://takeuforward.org/strivers-a2z-dsa-sheet/faqs/sliding-window-maximum,https://youtu.be/NwBvene4Imo?si=eU1PY-bcQfk5wdog,,https://leetcode.com/problems/sliding-window-maximum/,Stack & Queues|Arrays|Heaps,Monotonic Stack / Queue,sliding-window-maximum
303,965,12,Stack / Queues,FAQs,Trapping Rainwater,practice,Hard,pro,True,29 min,https://takeuforward.org/strivers-a2z-dsa-sheet/faqs/trapping-rainwater,https://youtu.be/1_5VuquLbXg?si=NFG6df318_6OtGvg,https://takeuforward.org/blogs/data-structure-and-algorithm/trapping-rain-water,https://leetcode.com/problems/trapping-rain-water/,Stack & Queues|Arrays,Monotonic Stack / Queue,trapping-rainwater
304,959,12,Stack / Queues,FAQs,Largest rectangle in a histogram,practice,Hard,pro,True,31 min,https://takeuforward.org/strivers-a2z-dsa-sheet/faqs/largest-rectangle-in-a-histogram,https://youtu.be/Bzat9vgD0fs?si=DiBlLejXcr6EJoyB,https://takeuforward.org/blogs/data-structure-and-algorithm/largest-rectangle-in-histogram,https://leetcode.com/problems/largest-rectangle-in-histogram/,Stack & Queues|Arrays,Monotonic Stack / Queue,largest-rectangle-in-a-histogram
305,962,12,Stack / Queues,FAQs,Maximum Rectangles,practice,Hard,pro,True,12 min,https://takeuforward.org/strivers-a2z-dsa-sheet/faqs/maximum-rectangles,https://youtu.be/tOylVCugy9k,,https://leetcode.com/problems/maximal-rectangle/,Stack & Queues|Arrays,Monotonic Stack / Queue,maximum-rectangles
306,964,12,Stack / Queues,FAQs,Stock span problem,practice,Medium,core,False,19 min,https://takeuforward.org/strivers-a2z-dsa-sheet/faqs/stock-span-problem,https://youtu.be/eay-zoSRkVc?si=deNNe5i38BOAntha,https://takeuforward.org/blogs/data-structure-and-algorithm/stock-span-problem,https://leetcode.com/problems/online-stock-span/,Stack & Queues|Arrays,Monotonic Stack / Queue,stock-span-problem
307,957,12,Stack / Queues,FAQs,Celebrity Problem,practice,Medium,core,False,16 min,https://takeuforward.org/strivers-a2z-dsa-sheet/faqs/celebrity-problem,https://youtu.be/cEadsbTeze4?si=olXYfOs7l-SEn2zl,,https://leetcode.com/problems/find-the-celebrity/,Stack & Queues|Arrays,Simulation / Implementation,celebrity-problem
308,961,12,Stack / Queues,FAQs,LRU Cache,practice,Hard,pro,False,25 min,https://takeuforward.org/strivers-a2z-dsa-sheet/faqs/lru-cache,,,https://leetcode.com/problems/lru-cache/,Linked List|Hashing,Simulation / Implementation,lru-cache
309,960,12,Stack / Queues,FAQs,LFU Cache,practice,Hard,pro,False,,https://takeuforward.org/strivers-a2z-dsa-sheet/faqs/lfu-cache,https://www.youtube.com/watch?v=0PSB9y8ehbk&list=PLgUwDviBIf0p4ozDR_kJJkONnb1wdx2Ma&index=79,,https://leetcode.com/problems/lfu-cache/,Linked List|Hashing,Simulation / Implementation,lfu-cache
310,285,12,Stack / Queues,FAQs,Number of Greater Elements to the Right,practice,Medium,core,True,,https://takeuforward.org/strivers-a2z-dsa-sheet/faqs/number-of-greater-elements-to-the-right,,,,Stack & Queues|Arrays,Monotonic Stack / Queue,number-of-greater-elements-to-the-right
311,1154,13,Binary Trees,Theory/Traversals,Introduction,learning,,basic,False,32 min,https://takeuforward.org/strivers-a2z-dsa-sheet/theory-and-traversals/introduction-,https://youtu.be/_ANrF3FJm7I,,,,,introduction-
312,133,13,Binary Trees,Theory/Traversals,Inorder Traversal,practice,Easy,basic,False,37 min,https://takeuforward.org/strivers-a2z-dsa-sheet/theory-and-traversals/inorder-traversal,https://youtu.be/lxTGsVXjwvM,,https://leetcode.com/problems/binary-tree-inorder-traversal/,Binary Trees|Recursion & Backtracking,Tree DFS / Recursive Decomposition,inorder-traversal
313,137,13,Binary Trees,Theory/Traversals,Preorder Traversal,practice,Easy,basic,True,18 min,https://takeuforward.org/strivers-a2z-dsa-sheet/theory-and-traversals/preorder-traversal,https://youtu.be/RlUu72JrOCQ,,https://leetcode.com/problems/binary-tree-preorder-traversal/,Binary Trees,Tree DFS / Recursive Decomposition,preorder-traversal
314,135,13,Binary Trees,Theory/Traversals,Postorder Traversal,practice,Easy,basic,True,14 min,https://takeuforward.org/strivers-a2z-dsa-sheet/theory-and-traversals/postorder-traversal,https://youtu.be/2YBhNLodD8Q,,https://leetcode.com/problems/binary-tree-postorder-traversal/,Binary Trees,Tree DFS / Recursive Decomposition,postorder-traversal
315,134,13,Binary Trees,Theory/Traversals,Level Order Traversal,practice,Medium,core,True,8 min,https://takeuforward.org/strivers-a2z-dsa-sheet/theory-and-traversals/level-order-traversal,https://youtu.be/EoAsWbO7sqg,https://takeuforward.org/blogs/data-structure-and-algorithm/binary-tree-level-order-traversal,https://leetcode.com/problems/binary-tree-level-order-traversal/,Binary Trees,BFS / Level Order,level-order-traversal
316,136,13,Binary Trees,Theory/Traversals,"Pre, Post, Inorder in one traversal",practice,Medium,core,True,10 min,"https://takeuforward.org/strivers-a2z-dsa-sheet/theory-and-traversals/pre,-post,-inorder-in-one-traversal",https://youtu.be/ySp2epYvgTE,,,Binary Trees,Tree DFS / Recursive Decomposition,"pre,-post,-inorder-in-one-traversal"
317,131,13,Binary Trees,Medium Problems,Maximum Depth in BT,practice,Medium,core,True,7 min,https://takeuforward.org/strivers-a2z-dsa-sheet/medium-problems/maximum-depth-in-bt,https://youtu.be/eD3tmO66aBA,,https://leetcode.com/problems/maximum-depth-of-binary-tree/,Binary Trees|Recursion & Backtracking,Tree DFS / Recursive Decomposition,maximum-depth-in-bt
318,129,13,Binary Trees,Medium Problems,Check if two trees are identical or not,practice,Medium,core,True,4 min,https://takeuforward.org/strivers-a2z-dsa-sheet/medium-problems/check-if-two-trees-are-identical-or-not,https://youtu.be/BhuvF_-PWS0,https://takeuforward.org/blogs/data-structure-and-algorithm/check-identical-binary-trees,https://leetcode.com/problems/same-tree/,Binary Trees,Tree DFS / Recursive Decomposition,check-if-two-trees-are-identical-or-not
319,127,13,Binary Trees,Medium Problems,Check for balanced binary tree,practice,Medium,core,True,12 min,https://takeuforward.org/strivers-a2z-dsa-sheet/medium-problems/check-for-balanced-binary-tree,https://youtu.be/Yt50Jfbd8Po,https://takeuforward.org/blogs/data-structure-and-algorithm/check-if-a-binary-tree-is-height-balanced,https://leetcode.com/problems/balanced-binary-tree/,Binary Trees,Tree DFS / Recursive Decomposition,check-for-balanced-binary-tree
320,130,13,Binary Trees,Medium Problems,Diameter of Binary Tree,practice,Medium,core,True,13 min,https://takeuforward.org/strivers-a2z-dsa-sheet/medium-problems/diameter-of-binary-tree,https://youtu.be/Rezetez59Nk,https://takeuforward.org/blogs/data-structure-and-algorithm/diameter-of-a-binary-tree,https://leetcode.com/problems/diameter-of-binary-tree/,Binary Trees,Tree DFS / Recursive Decomposition,diameter-of-binary-tree
321,132,13,Binary Trees,Medium Problems,Maximum path sum,practice,Hard,pro,True,17 min,https://takeuforward.org/strivers-a2z-dsa-sheet/medium-problems/maximum-path-sum-,https://youtu.be/WszrfSwMz58,https://takeuforward.org/blogs/data-structure-and-algorithm/binary-tree-maximum-path-sum,https://leetcode.com/problems/binary-tree-maximum-path-sum/,Binary Trees,Tree DFS / Recursive Decomposition,maximum-path-sum-
322,128,13,Binary Trees,Medium Problems,Check for symmetrical BTs,practice,Medium,core,False,8 min,https://takeuforward.org/strivers-a2z-dsa-sheet/medium-problems/check-for-symmetrical-bts,https://www.youtube.com/watch?v=nKggNAiEpBE,,https://leetcode.com/problems/symmetric-tree/,Binary Trees|Recursion & Backtracking,Tree DFS / Recursive Decomposition,check-for-symmetrical-bts
323,185,13,Binary Trees,Medium Problems,Children Sum Property in Binary Tree,practice,Medium,core,False,,https://takeuforward.org/strivers-a2z-dsa-sheet/medium-problems/children-sum-property-in-binary-tree,https://youtu.be/fnmisPM6cVo,,,Binary Trees,Tree DFS / Recursive Decomposition,children-sum-property-in-binary-tree
324,126,13,Binary Trees,FAQs,Zig Zag or Spiral Traversal,practice,Medium,core,True,8 min,https://takeuforward.org/strivers-a2z-dsa-sheet/faqs/zig-zag-or-spiral-traversal,https://youtu.be/3OXWEdlIGl4,,https://leetcode.com/problems/binary-tree-zigzag-level-order-traversal/,Binary Trees,BFS / Level Order,zig-zag-or-spiral-traversal
325,116,13,Binary Trees,FAQs,Boundary Traversal,practice,Medium,core,True,9 min,https://takeuforward.org/strivers-a2z-dsa-sheet/faqs/boundary-traversal,https://youtu.be/0ca1nvR0be4,https://takeuforward.org/blogs/data-structure-and-algorithm/boundary-traversal-of-a-binary-tree,https://leetcode.com/problems/boundary-of-binary-tree/,Binary Trees,Tree DFS / Recursive Decomposition,boundary-traversal
326,125,13,Binary Trees,FAQs,Vertical Order Traversal,practice,Hard,pro,True,18 min,https://takeuforward.org/strivers-a2z-dsa-sheet/faqs/vertical-order-traversal,https://youtu.be/q_a6lpbKJdw,https://takeuforward.org/blogs/data-structure-and-algorithm/vertical-order-traversal-of-a-binary-tree,https://leetcode.com/problems/vertical-order-traversal-of-a-binary-tree/,Binary Trees,BFS / Level Order,vertical-order-traversal
327,124,13,Binary Trees,FAQs,Top View of BT,practice,Medium,core,True,9 min,https://takeuforward.org/strivers-a2z-dsa-sheet/faqs/top-view-of-bt,https://youtu.be/Et9OCDNvJ78,https://takeuforward.org/blogs/data-structure-and-algorithm/top-view-of-binary-tree,,Binary Trees,BFS / Level Order,top-view-of-bt
328,115,13,Binary Trees,FAQs,Bottom view of BT,practice,Medium,core,True,12 min,https://takeuforward.org/strivers-a2z-dsa-sheet/faqs/bottom-view-of-bt,https://youtu.be/0FtVY6I4pB8,https://takeuforward.org/blogs/data-structure-and-algorithm/bottom-view-of-binary-tree,,Binary Trees,BFS / Level Order,bottom-view-of-bt
329,123,13,Binary Trees,FAQs,Right/Left View of BT,practice,Medium,core,False,12 min,https://takeuforward.org/strivers-a2z-dsa-sheet/faqs/right-left-view-of-bt,https://youtu.be/KV4mRzTjlAk,,https://leetcode.com/problems/binary-tree-right-side-view/,Binary Trees,BFS / Level Order,right-left-view-of-bt
330,122,13,Binary Trees,FAQs,Print root to leaf path in BT,practice,Medium,core,False,10 min,https://takeuforward.org/strivers-a2z-dsa-sheet/faqs/print-root-to-leaf-path-in-bt,https://youtu.be/fmflMqVOC7k,,,Binary Trees,Tree DFS / Recursive Decomposition,print-root-to-leaf-path-in-bt
331,118,13,Binary Trees,FAQs,LCA in BT,practice,Hard,pro,False,13 min,https://takeuforward.org/strivers-a2z-dsa-sheet/faqs/lca-in-bt,https://youtu.be/_-QHfMDde90,https://takeuforward.org/blogs/data-structure-and-algorithm/lowest-common-ancestor-in-a-binary-tree,https://leetcode.com/problems/lowest-common-ancestor-of-a-binary-tree/,Binary Trees,Tree DFS / Recursive Decomposition,lca-in-bt
332,119,13,Binary Trees,FAQs,Maximum Width of BT,practice,Hard,pro,False,21 min,https://takeuforward.org/strivers-a2z-dsa-sheet/faqs/maximum-width-of-bt,https://youtu.be/ZbybYvcVLks,,https://leetcode.com/problems/maximum-width-of-binary-tree/,Binary Trees,BFS / Level Order,maximum-width-of-bt
333,121,13,Binary Trees,FAQs,Print all nodes at a distance of K in BT,practice,Hard,pro,False,16 min,https://takeuforward.org/strivers-a2z-dsa-sheet/faqs/print-all-nodes-at-a-distance-of-k-in-bt,https://youtu.be/i9ORlEy6EsI,https://takeuforward.org/blogs/data-structure-and-algorithm/nodes-distance-k-binary-tree,https://leetcode.com/problems/all-nodes-distance-k-in-binary-tree/,Binary Trees,Tree DFS / Recursive Decomposition,print-all-nodes-at-a-distance-of-k-in-bt
334,120,13,Binary Trees,FAQs,Minimum time taken to burn the BT from a given Node,practice,Hard,pro,False,17 min,https://takeuforward.org/strivers-a2z-dsa-sheet/faqs/minimum-time-taken-to-burn-the-bt-from-a-given-node,https://youtu.be/2r5wLmQfD6g,https://takeuforward.org/blogs/data-structure-and-algorithm/minimum-time-burn-binary-tree,,Binary Trees,Tree DFS / Recursive Decomposition,minimum-time-taken-to-burn-the-bt-from-a-given-node
335,117,13,Binary Trees,FAQs,Count total nodes in a complete BT,practice,Medium,core,False,15 min,https://takeuforward.org/strivers-a2z-dsa-sheet/faqs/count-total-nodes-in-a-complete-bt,https://youtu.be/u-yWemKGWO0,https://takeuforward.org/blogs/data-structure-and-algorithm/count-nodes-in-a-complete-binary-tree,https://leetcode.com/problems/count-complete-tree-nodes/,Binary Trees,Tree DFS / Recursive Decomposition,count-total-nodes-in-a-complete-bt
336,486,13,Binary Trees,FAQs,Flatten Binary Tree to Linked List,practice,Hard,pro,False,,https://takeuforward.org/strivers-a2z-dsa-sheet/faqs/flatten-binary-tree-to-linked-list,https://youtu.be/sWf7k1x9XR4,https://takeuforward.org/blogs/data-structure-and-algorithm/flatten-binary-tree-to-linked-list,https://leetcode.com/problems/flatten-binary-tree-to-linked-list/,Binary Trees|Linked List|Stack & Queues,Tree DFS / Recursive Decomposition,flatten-binary-tree-to-linked-list
337,111,13,Binary Trees,Construction Problems,Requirements needed to construct a unique BT,practice,Medium,core,False,7 min,https://takeuforward.org/strivers-a2z-dsa-sheet/construction-problems/requirements-needed-to-construct-a-unique-bt,https://youtu.be/9GMECGQgWrQ,,,Binary Trees,Tree DFS / Recursive Decomposition,requirements-needed-to-construct-a-unique-bt
338,110,13,Binary Trees,Construction Problems,Construct a BT from Preorder and Inorder,practice,Medium,core,False,18 min,https://takeuforward.org/strivers-a2z-dsa-sheet/construction-problems/construct-a-bt-from-preorder-and-inorder,https://youtu.be/aZNaLrVebKQ,https://takeuforward.org/blogs/data-structure-and-algorithm/construct-a-binary-tree-from-preorder-and-inorder,https://leetcode.com/problems/construct-binary-tree-from-preorder-and-inorder-traversal/,Binary Trees|Hashing,Tree DFS / Recursive Decomposition,construct-a-bt-from-preorder-and-inorder
339,109,13,Binary Trees,Construction Problems,Construct a BT from Postorder and Inorder,practice,Medium,core,False,19 min,https://takeuforward.org/strivers-a2z-dsa-sheet/construction-problems/construct-a-bt-from-postorder-and-inorder,https://youtu.be/LgLRTaEMRVc,,https://leetcode.com/problems/construct-binary-tree-from-inorder-and-postorder-traversal/,Binary Trees|Hashing,Tree DFS / Recursive Decomposition,construct-a-bt-from-postorder-and-inorder
340,112,13,Binary Trees,Construction Problems,Serialize and De-serialize BT,practice,Hard,pro,False,16 min,https://takeuforward.org/strivers-a2z-dsa-sheet/construction-problems/serialize-and-de-serialize-bt,https://youtu.be/-YbXySKJsX8,https://takeuforward.org/blogs/data-structure-and-algorithm/serialize-and-deserialize-a-binary-tree,https://leetcode.com/problems/serialize-and-deserialize-binary-tree/,Binary Trees,Tree DFS / Recursive Decomposition,serialize-and-de-serialize-bt
341,139,13,Binary Trees,Traversal in Constant Space,Morris Inorder Traversal,practice,Hard,pro,False,19 min,https://takeuforward.org/strivers-a2z-dsa-sheet/traversal-in-constant-space/morris-inorder-traversal-,https://youtu.be/80Zug6D1_r4,,https://leetcode.com/problems/binary-tree-inorder-traversal/,Binary Trees,Tree DFS / Recursive Decomposition,morris-inorder-traversal-
342,138,13,Binary Trees,Traversal in Constant Space,Morris Preorder Traversal,practice,Hard,pro,False,4 min,https://takeuforward.org/strivers-a2z-dsa-sheet/traversal-in-constant-space/morris-preorder-traversal-,https://youtu.be/80Zug6D1_r4,,https://leetcode.com/problems/binary-tree-preorder-traversal/,Binary Trees,Tree DFS / Recursive Decomposition,morris-preorder-traversal-
343,1153,14,Binary Search Trees,Theory and Basics,Introduction to BST,learning,,basic,True,7 min,https://takeuforward.org/strivers-a2z-dsa-sheet/theory-and-basics/introduction-to-bst,https://youtu.be/p7-9UvDQZ3w,https://takeuforward.org/blogs/data-structure-and-algorithm/binary-search-tree,,,,introduction-to-bst
344,108,14,Binary Search Trees,Theory and Basics,Search in BST,practice,Easy,basic,False,5 min,https://takeuforward.org/strivers-a2z-dsa-sheet/theory-and-basics/search-in-bst,https://youtu.be/KcNt6v_56cc,,https://leetcode.com/problems/search-in-a-binary-search-tree/,Binary Search Trees,Lower Bound / Upper Bound,search-in-bst
345,107,14,Binary Search Trees,Theory and Basics,Floor and Ceil in a BST,practice,Medium,core,True,8 min,https://takeuforward.org/strivers-a2z-dsa-sheet/theory-and-basics/floor-and-ceil-in-a-bst,https://www.youtube.com/watch?v=xm_W1ub-K-w&list=PLgUwDviBIf0q8Hkd7bK2Bpryj2xVJk8Vk&index=43,,,Binary Search Trees,Lower Bound / Upper Bound,floor-and-ceil-in-a-bst
346,2398,14,Binary Search Trees,Theory and Basics,Find Min/Max in BST,learning,,,True,,https://takeuforward.org/strivers-a2z-dsa-sheet/theory-and-basics/find-minmax-in-bst,,,,,,find-minmax-in-bst
347,104,14,Binary Search Trees,Medium,Insert a given node in BST,practice,Medium,core,True,7 min,https://takeuforward.org/strivers-a2z-dsa-sheet/medium/insert-a-given-node-in-bst,https://youtu.be/FiFiNvM29ps,,https://leetcode.com/problems/insert-into-a-binary-search-tree/,Binary Search Trees,Lower Bound / Upper Bound,insert-a-given-node-in-bst
348,102,14,Binary Search Trees,Medium,Delete a node in BST,practice,Medium,core,True,15 min,https://takeuforward.org/strivers-a2z-dsa-sheet/medium/delete-a-node-in-bst,https://youtu.be/kouxiP_H5WE,,https://leetcode.com/problems/delete-node-in-a-bst/,Binary Search Trees,Lower Bound / Upper Bound,delete-a-node-in-bst
349,105,14,Binary Search Trees,Medium,Kth Smallest and Largest element in BST,practice,Medium,core,True,8 min,https://takeuforward.org/strivers-a2z-dsa-sheet/medium/kth-smallest-and-largest-element-in-bst,https://youtu.be/9TJYWh0adfk,,https://leetcode.com/problems/kth-smallest-element-in-a-bst/,Binary Search Trees,Tree DFS / Recursive Decomposition,kth-smallest-and-largest-element-in-bst
350,100,14,Binary Search Trees,Medium,Check if a tree is a BST or not,practice,Medium,core,True,9 min,https://takeuforward.org/strivers-a2z-dsa-sheet/medium/check-if-a-tree-is-a-bst-or-not,https://youtu.be/f-sj7I5oXEI,,https://leetcode.com/problems/validate-binary-search-tree/,Binary Search Trees|Binary Trees,Tree DFS / Recursive Decomposition,check-if-a-tree-is-a-bst-or-not
351,106,14,Binary Search Trees,Medium,LCA in BST,practice,Medium,core,True,8 min,https://takeuforward.org/strivers-a2z-dsa-sheet/medium/lca-in-bst,https://youtu.be/cX_kPV_foZc,,https://leetcode.com/problems/lowest-common-ancestor-of-a-binary-search-tree/,Binary Search Trees,Tree DFS / Recursive Decomposition,lca-in-bst
352,101,14,Binary Search Trees,Medium,Construct a BST from a preorder traversal,practice,Medium,core,False,16 min,https://takeuforward.org/strivers-a2z-dsa-sheet/medium/construct-a-bst-from-a-preorder-traversal,https://youtu.be/UmJT3j26t1I,,https://leetcode.com/problems/construct-binary-search-tree-from-preorder-traversal/,Binary Search Trees,Tree DFS / Recursive Decomposition,construct-a-bst-from-a-preorder-traversal
353,103,14,Binary Search Trees,Medium,Inorder successor and predecessor in BST,practice,Medium,core,False,10 min,https://takeuforward.org/strivers-a2z-dsa-sheet/medium/inorder-successor-and-predecessor-in-bst,https://youtu.be/SXKAD2svfmI,,https://leetcode.com/problems/inorder-successor-in-bst/,Binary Search Trees,Lower Bound / Upper Bound,inorder-successor-and-predecessor-in-bst
354,96,14,Binary Search Trees,FAQs,BST iterator,practice,Medium,core,False,14 min,https://takeuforward.org/strivers-a2z-dsa-sheet/faqs/bst-iterator,https://youtu.be/D2jMcmxU4bs,,https://leetcode.com/problems/binary-search-tree-iterator/,Binary Search Trees,Tree DFS / Recursive Decomposition|Simulation / Implementation,bst-iterator
355,99,14,Binary Search Trees,FAQs,Two sum in BST,practice,Medium,core,False,14 min,https://takeuforward.org/strivers-a2z-dsa-sheet/faqs/two-sum-in-bst,https://youtu.be/ssL3sHwPeb4,,https://leetcode.com/problems/two-sum-iv-input-is-a-bst/,Binary Search Trees,Two Pointer,two-sum-in-bst
356,97,14,Binary Search Trees,FAQs,Correct BST with two nodes swapped,practice,Hard,pro,False,16 min,https://takeuforward.org/strivers-a2z-dsa-sheet/faqs/correct-bst-with-two-nodes-swapped,https://youtu.be/ZWGW7FminDM,,https://leetcode.com/problems/recover-binary-search-tree/,Binary Search Trees,Tree DFS / Recursive Decomposition,correct-bst-with-two-nodes-swapped
357,98,14,Binary Search Trees,FAQs,Largest BST in Binary Tree,practice,Hard,pro,False,17 min,https://takeuforward.org/strivers-a2z-dsa-sheet/faqs/largest-bst-in-binary-tree,https://youtu.be/X0oXMdtUDwo,,https://leetcode.com/problems/largest-bst-subtree/,Binary Search Trees,Tree DFS / Recursive Decomposition,largest-bst-in-binary-tree
358,1223,15,Heaps,Theory and Implementation,Heaps (Theory Video),learning,,core,True,27 min,https://takeuforward.org/strivers-a2z-dsa-sheet/theory-and-implementation/heaps-theory,,,,,,heaps-theory
359,573,15,Heaps,Theory and Implementation,Heapify Algorithm,practice,Medium,core,False,23 min,https://takeuforward.org/strivers-a2z-dsa-sheet/theory-and-implementation/heapify-algorithm,,,,Heaps,Simulation / Implementation,heapify-algorithm
360,570,15,Heaps,Theory and Implementation,Build heap from a given Array,practice,Medium,core,False,15 min,https://takeuforward.org/strivers-a2z-dsa-sheet/theory-and-implementation/build-heap-from-a-given-array,,,,Heaps|Arrays,Simulation / Implementation,build-heap-from-a-given-array
361,576,15,Heaps,Theory and Implementation,Implement Min Heap,practice,Medium,core,True,12 min,https://takeuforward.org/strivers-a2z-dsa-sheet/theory-and-implementation/implement-min-heap,,,,Heaps,Simulation / Implementation,implement-min-heap
362,575,15,Heaps,Theory and Implementation,Implement Max Heap,practice,Medium,core,False,20 min,https://takeuforward.org/strivers-a2z-dsa-sheet/theory-and-implementation/implement-max-heap,,,,Heaps,Simulation / Implementation,implement-max-heap
363,571,15,Heaps,Theory and Implementation,Check if an array represents a min heap,practice,Medium,core,True,7 min,https://takeuforward.org/strivers-a2z-dsa-sheet/theory-and-implementation/check-if-an-array-represents-a-min-heap-,,,,Heaps,Simulation / Implementation,check-if-an-array-represents-a-min-heap-
364,572,15,Heaps,Theory and Implementation,Convert Min Heap to Max Heap,practice,Medium,core,True,4 min,https://takeuforward.org/strivers-a2z-dsa-sheet/theory-and-implementation/convert-min-heap-to-max-heap,,,,Heaps,Simulation / Implementation,convert-min-heap-to-max-heap
365,574,15,Heaps,Theory and Implementation,Heap Sort,practice,Hard,pro,False,30 min,https://takeuforward.org/strivers-a2z-dsa-sheet/theory-and-implementation/heap-sort,,,,Sorting|Arrays|Heaps,Sort and Scan,heap-sort
366,578,15,Heaps,Theory and Implementation,K-th Largest element in an array,practice,Hard,pro,True,44 min,https://takeuforward.org/strivers-a2z-dsa-sheet/theory-and-implementation/k-th-largest-element-in-an-array,,,https://leetcode.com/problems/kth-largest-element-in-an-array/,Heaps|Arrays,Top K Elements|Priority Queue,k-th-largest-element-in-an-array
367,567,15,Heaps,FAQs,Kth largest element in a stream of running integers,practice,Hard,pro,False,16 min,https://takeuforward.org/strivers-a2z-dsa-sheet/faqs/kth-largest-element-in-a-stream-of-running-integers,,,https://leetcode.com/problems/kth-largest-element-in-a-stream/,Heaps|Binary Search Trees,Top K Elements|Priority Queue,kth-largest-element-in-a-stream-of-running-integers
368,2409,15,Heaps,FAQs,Sort K sorted array,learning,,,True,,https://takeuforward.org/strivers-a2z-dsa-sheet/faqs/sort-k-sorted-array,,,,,,sort-k-sorted-array
369,569,15,Heaps,FAQs,Merge K sorted Lists,practice,Hard,pro,True,,https://takeuforward.org/strivers-a2z-dsa-sheet/faqs/merge-k-sorted-lists,,https://takeuforward.org/blogs/data-structure-and-algorithm/merge-k-sorted-linked-lists,https://leetcode.com/problems/merge-k-sorted-lists/,Heaps|Linked List,K-way Merge|Priority Queue,merge-k-sorted-lists
370,898,15,Heaps,FAQs,Replace Elements by Their Rank,practice,Medium,core,False,,https://takeuforward.org/strivers-a2z-dsa-sheet/faqs/replace-elements-by-their-rank,,,https://leetcode.com/problems/rank-transform-of-an-array/,Sorting|Heaps,Sort and Scan,replace-elements-by-their-rank
371,1008,15,Heaps,FAQs,Task Scheduler,practice,Medium,core,True,,https://takeuforward.org/strivers-a2z-dsa-sheet/faqs/task-scheduler,,https://takeuforward.org/blogs/data-structure-and-algorithm/task-scheduler,https://leetcode.com/problems/task-scheduler/,Heaps|Greedy Algorithms|Hashing|Arrays,Priority Queue|Greedy Choice|Frequency Counting,task-scheduler
372,556,15,Heaps,FAQs,Hand of Straights,practice,Medium,core,False,,https://takeuforward.org/strivers-a2z-dsa-sheet/faqs/hand-of-straights,,,https://leetcode.com/problems/hand-of-straights/,Greedy Algorithms|Arrays|Hashing,Greedy Choice|Sort and Scan,hand-of-straights
373,565,15,Heaps,FAQs,Design Twitter,practice,Medium,core,True,,https://takeuforward.org/strivers-a2z-dsa-sheet/faqs/design-twitter,,,https://leetcode.com/problems/design-twitter/,Heaps|Hashing|Linked List,Priority Queue,design-twitter
374,755,15,Heaps,FAQs,Minimum Cost to Connect Sticks,practice,Medium,core,False,,https://takeuforward.org/strivers-a2z-dsa-sheet/faqs/minimum-cost-to-connect-sticks,,,https://leetcode.com/problems/minimum-cost-to-connect-sticks/,Heaps|Arrays,Priority Queue|Greedy Choice,minimum-cost-to-connect-sticks
375,568,15,Heaps,FAQs,Maximum Sum Combination,practice,Medium,core,False,,https://takeuforward.org/strivers-a2z-dsa-sheet/faqs/maximum-sum-combination,,,,Heaps|Mathematics,Top K Elements|Priority Queue,maximum-sum-combination
376,566,15,Heaps,FAQs,Find Median from Data Stream,practice,Hard,pro,False,,https://takeuforward.org/strivers-a2z-dsa-sheet/faqs/find-median-from-data-stream,,https://takeuforward.org/blogs/data-structure-and-algorithm/find-median-data-stream,https://leetcode.com/problems/find-median-from-data-stream/,Heaps,Two Heaps|Priority Queue,find-median-from-data-stream
377,1018,15,Heaps,FAQs,Top K Frequent Elements,practice,Medium,core,False,,https://takeuforward.org/strivers-a2z-dsa-sheet/faqs/top-k-frequent-elements,,,https://leetcode.com/problems/top-k-frequent-elements/,Heaps|Hashing|Arrays,Top K Elements|Frequency Counting|Priority Queue,top-k-frequent-elements
378,1222,16,Graphs,Theory and traversals,Introduction to Graph,learning,,basic,False,41 min,https://takeuforward.org/strivers-a2z-dsa-sheet/theory-and-traversals/introduction-to-graph,https://youtu.be/3oI-34aPMWM,,,,,introduction-to-graph
379,529,16,Graphs,Theory and traversals,Traversal Techniques,practice,Medium,core,False,39 min,https://takeuforward.org/strivers-a2z-dsa-sheet/theory-and-traversals/traversal-techniques,https://youtu.be/Qzf1a--rhp8,,,Graphs,Graph DFS / Connected Components,traversal-techniques
380,528,16,Graphs,Theory and traversals,Connected Components,practice,Medium,core,False,7 min,https://takeuforward.org/strivers-a2z-dsa-sheet/theory-and-traversals/connected-components,,,https://leetcode.com/problems/number-of-connected-components-in-an-undirected-graph/,Graphs,Graph DFS / Connected Components,connected-components
381,535,16,Graphs,Traversal Problems,Number of provinces,practice,Medium,core,False,15 min,https://takeuforward.org/strivers-a2z-dsa-sheet/traversal-problems/number-of-provinces,https://youtu.be/ACzkVtewUYA,https://takeuforward.org/blogs/data-structure-and-algorithm/number-of-provinces,https://leetcode.com/problems/number-of-provinces/,Graphs,Graph DFS / Connected Components,number-of-provinces
382,534,16,Graphs,Traversal Problems,Number of islands,practice,Medium,core,False,24 min,https://takeuforward.org/strivers-a2z-dsa-sheet/traversal-problems/number-of-islands,https://www.youtube.com/watch?v=muncqlKJrH0&list=PLgUwDviBIf0oE3gA41TKO2H5bHpPd7fzn&index=8,,https://leetcode.com/problems/number-of-islands/,Graphs|Arrays,Graph DFS / Connected Components,number-of-islands
383,531,16,Graphs,Traversal Problems,Flood fill algorithm,practice,Medium,core,False,20 min,https://takeuforward.org/strivers-a2z-dsa-sheet/traversal-problems/flood-fill-algorithm,,,https://leetcode.com/problems/flood-fill/,Graphs,Graph DFS / Connected Components,flood-fill-algorithm
384,533,16,Graphs,Traversal Problems,Number of enclaves,practice,Medium,core,False,15 min,https://takeuforward.org/strivers-a2z-dsa-sheet/traversal-problems/number-of-enclaves,https://youtu.be/rxKcepXQgU4,https://takeuforward.org/blogs/data-structure-and-algorithm/number-of-enclaves,https://leetcode.com/problems/number-of-enclaves/,Graphs|Arrays,Graph DFS / Connected Components,number-of-enclaves
385,536,16,Graphs,Traversal Problems,Rotten Oranges,practice,Medium,core,False,22 min,https://takeuforward.org/strivers-a2z-dsa-sheet/traversal-problems/rotten-oranges,https://www.youtube.com/watch?v=yf3oUhkvqA0,https://takeuforward.org/blogs/data-structure-and-algorithm/rotting-oranges,https://leetcode.com/problems/rotting-oranges/,Graphs|Arrays,BFS / Level Order,rotten-oranges
386,530,16,Graphs,Traversal Problems,Distance of nearest cell having one,practice,Medium,core,False,20 min,https://takeuforward.org/strivers-a2z-dsa-sheet/traversal-problems/distance-of-nearest-cell-having-one,https://youtu.be/edXdVwkYHF8,https://takeuforward.org/blogs/data-structure-and-algorithm/distance-of-the-nearest-cell-having-1-in-a-binary-matrix,https://leetcode.com/problems/01-matrix/,Graphs,BFS / Level Order,distance-of-nearest-cell-having-one
387,537,16,Graphs,Traversal Problems,Surrounded Regions,practice,Medium,core,False,23 min,https://takeuforward.org/strivers-a2z-dsa-sheet/traversal-problems/surrounded-regions,https://youtu.be/BtdgAys4yMk,https://takeuforward.org/blogs/data-structure-and-algorithm/surrounded-regions,https://leetcode.com/problems/surrounded-regions/,Graphs|Arrays,Graph DFS / Connected Components,surrounded-regions
388,532,16,Graphs,Traversal Problems,Number of distinct islands,practice,Medium,core,False,18 min,https://takeuforward.org/strivers-a2z-dsa-sheet/traversal-problems/number-of-distinct-islands,,,https://leetcode.com/problems/number-of-distinct-islands/,Graphs|Arrays|Hashing,Graph DFS / Connected Components,number-of-distinct-islands
389,501,16,Graphs,Cycles,Detect a cycle in an undirected graph,practice,Medium,core,False,38 min,https://takeuforward.org/strivers-a2z-dsa-sheet/cycles/detect-a-cycle-in-an-undirected-graph,https://youtu.be/zQ3zgFypzX4,,https://leetcode.com/problems/course-schedule/,Graphs,Graph DFS / Connected Components,detect-a-cycle-in-an-undirected-graph
390,499,16,Graphs,Cycles,Bipartite graph,practice,Medium,core,False,32 min,https://takeuforward.org/strivers-a2z-dsa-sheet/cycles/bipartite-graph,https://youtu.be/KG5YFfR0j8A,,https://leetcode.com/problems/is-graph-bipartite/,Graphs,Graph DFS / Connected Components,bipartite-graph
391,502,16,Graphs,Cycles,Topological sort or Kahn's algorithm,practice,Medium,core,False,26 min,https://takeuforward.org/strivers-a2z-dsa-sheet/cycles/topological-sort-or-kahns-algorithm,https://youtu.be/5lZ0iJMrUMk,,,Graphs,Topological Ordering,topological-sort-or-kahns-algorithm
392,500,16,Graphs,Cycles,Detect a cycle in a directed graph,practice,Medium,core,False,23 min,https://takeuforward.org/strivers-a2z-dsa-sheet/cycles/detect-a-cycle-in-a-directed-graph,https://www.youtube.com/watch?v=uzVUw90ZFIg&list=PLgUwDviBIf0rGEWe64KWas0Nryn7SCRWw&index=12,,https://leetcode.com/problems/course-schedule/,Graphs,Topological Ordering,detect-a-cycle-in-a-directed-graph
393,506,16,Graphs,Hard Problems,Find eventual safe states,practice,Hard,pro,False,39 min,https://takeuforward.org/strivers-a2z-dsa-sheet/hard-problems/find-eventual-safe-states,https://youtu.be/2gtg3VsDGyc,,https://leetcode.com/problems/find-eventual-safe-states/,Graphs,Topological Ordering,find-eventual-safe-states
394,504,16,Graphs,Hard Problems,Course Schedule I,practice,Hard,pro,False,11 min,https://takeuforward.org/strivers-a2z-dsa-sheet/hard-problems/course-schedule-i,https://youtu.be/WAOfKpxYHR8,,https://leetcode.com/problems/course-schedule/,Graphs,Topological Ordering,course-schedule-i
395,505,16,Graphs,Hard Problems,Course Schedule II,practice,Hard,pro,False,11 min,https://takeuforward.org/strivers-a2z-dsa-sheet/hard-problems/course-schedule-ii,https://youtu.be/WAOfKpxYHR8,,https://leetcode.com/problems/course-schedule-ii/,Graphs,Topological Ordering,course-schedule-ii
396,503,16,Graphs,Hard Problems,Alien Dictionary,practice,Hard,pro,False,20 min,https://takeuforward.org/strivers-a2z-dsa-sheet/hard-problems/alient-dictionary,https://youtu.be/U3N_je7tWAs,https://takeuforward.org/blogs/data-structure-and-algorithm/alien-dictionary,https://leetcode.com/problems/alien-dictionary/,Graphs|Arrays|Strings,Topological Ordering,alient-dictionary
397,507,16,Graphs,Hard Problems,Shortest path in DAG,practice,Medium,core,False,26 min,https://takeuforward.org/strivers-a2z-dsa-sheet/hard-problems/shortest-path-in-dag,https://www.youtube.com/watch?v=ZUFQfFaU-8U&list=PLgUwDviBIf0oE3gA41TKO2H5bHpPd7fzn&index=27,https://takeuforward.org/blogs/data-structure-and-algorithm/shortest-path-in-a-directed-acyclic-graph-dag,,Graphs,Shortest Path,shortest-path-in-dag
398,508,16,Graphs,Hard Problems,Shortest path in undirected graph with unit weights,practice,Medium,core,False,16 min,https://takeuforward.org/strivers-a2z-dsa-sheet/hard-problems/shortest-path-in-undirected-graph-with-unit-weights,https://www.youtube.com/watch?v=C4gxoTaI71U&list=PLgUwDviBIf0oE3gA41TKO2H5bHpPd7fzn&index=28,https://takeuforward.org/blogs/data-structure-and-algorithm/shortest-path-in-an-unweighted-undirected-graph-using-bfs,,Graphs,Shortest Path,shortest-path-in-undirected-graph-with-unit-weights
399,509,16,Graphs,Hard Problems,Word ladder I,practice,Hard,pro,False,28 min,https://takeuforward.org/strivers-a2z-dsa-sheet/hard-problems/word-ladder-i,https://youtu.be/tRPda0rcf8E,https://takeuforward.org/blogs/data-structure-and-algorithm/word-ladder,https://leetcode.com/problems/word-ladder/,Graphs|Strings|Hashing,BFS / Level Order,word-ladder-i
400,510,16,Graphs,Hard Problems,Word ladder II,practice,Hard,pro,False,48 min,https://takeuforward.org/strivers-a2z-dsa-sheet/hard-problems/word-ladder-ii,https://youtu.be/AD4SFl7tu7I?si=EpcJQTWm2YeURvEG,https://takeuforward.org/blogs/data-structure-and-algorithm/word-ladder-ii,https://leetcode.com/problems/word-ladder-ii/,Graphs|Recursion & Backtracking|Strings|Hashing,BFS / Level Order,word-ladder-ii
401,520,16,Graphs,Shortest Path Algorithms,Dijkstra's algorithm,practice,Medium,core,False,47 min,https://takeuforward.org/strivers-a2z-dsa-sheet/shortest-path-algorithms/dijkstra's-algorithm,https://www.youtube.com/watch?v=rp1SMw7HSO8&list=PLgUwDviBIf0oE3gA41TKO2H5bHpPd7fzn&index=35,,,Graphs|Heaps,Shortest Path|Priority Queue,dijkstra's-algorithm
402,526,16,Graphs,Shortest Path Algorithms,Print Shortest Path,practice,Medium,core,False,19 min,https://takeuforward.org/strivers-a2z-dsa-sheet/shortest-path-algorithms/print-shortest-path-,,,,Graphs|Heaps,Shortest Path,print-shortest-path-
403,527,16,Graphs,Shortest Path Algorithms,Shortest Distance in a Binary Maze,practice,Medium,core,False,21 min,https://takeuforward.org/strivers-a2z-dsa-sheet/shortest-path-algorithms/shortest-path-with-minimum-effort,https://www.youtube.com/watch?v=U5Mw4eyUmw4&list=PLgUwDviBIf0oE3gA41TKO2H5bHpPd7fzn&index=36,https://takeuforward.org/blogs/data-structure-and-algorithm/shortest-distance-binary-maze,https://leetcode.com/problems/shortest-path-in-binary-matrix/,Graphs|Arrays,Shortest Path,shortest-path-with-minimum-effort
404,525,16,Graphs,Shortest Path Algorithms,Path with minimum effort,practice,Medium,core,False,24 min,https://takeuforward.org/strivers-a2z-dsa-sheet/shortest-path-algorithms/path-with-minimum-effort,https://youtu.be/0ytpZyiZFhA,https://takeuforward.org/blogs/data-structure-and-algorithm/path-with-minimum-effort,https://leetcode.com/problems/path-with-minimum-effort/,Graphs|Arrays|Heaps,Shortest Path,path-with-minimum-effort
405,519,16,Graphs,Shortest Path Algorithms,Cheapest flight within K stops,practice,Hard,pro,False,23 min,https://takeuforward.org/strivers-a2z-dsa-sheet/shortest-path-algorithms/cheapest-flight-within-k-stops,https://youtu.be/9XybHVqTHcQ,https://takeuforward.org/blogs/data-structure-and-algorithm/cheapest-flights-within-k-stops,https://leetcode.com/problems/cheapest-flights-within-k-stops/,Graphs|Dynamic Programming|Heaps,Shortest Path,cheapest-flight-within-k-stops
406,523,16,Graphs,Shortest Path Algorithms,Minimum multiplications to reach end,practice,Hard,pro,False,19 min,https://takeuforward.org/strivers-a2z-dsa-sheet/shortest-path-algorithms/minimum-multiplications-to-reach-end,https://www.youtube.com/watch?v=_BvEJ3VIDWw&list=PLgUwDviBIf0oE3gA41TKO2H5bHpPd7fzn&index=39,https://takeuforward.org/blogs/data-structure-and-algorithm/minimum-multiplications-to-reach-end,,Graphs,Shortest Path,minimum-multiplications-to-reach-end
407,524,16,Graphs,Shortest Path Algorithms,Number of ways to arrive at destination,practice,Hard,pro,False,23 min,https://takeuforward.org/strivers-a2z-dsa-sheet/shortest-path-algorithms/number-of-ways-to-arrive-at-destination,https://youtu.be/_-0mx0SmYxA,https://takeuforward.org/blogs/data-structure-and-algorithm/number-of-ways-to-arrive-at-destination,https://leetcode.com/problems/number-of-ways-to-arrive-at-destination/,Graphs|Dynamic Programming,Shortest Path,number-of-ways-to-arrive-at-destination
408,518,16,Graphs,Shortest Path Algorithms,Bellman ford algorithm,practice,Hard,pro,False,27 min,https://takeuforward.org/strivers-a2z-dsa-sheet/shortest-path-algorithms/bellman-ford-algorithm,https://youtu.be/0vVofAhAYjc,,,Graphs,Shortest Path,bellman-ford-algorithm
409,522,16,Graphs,Shortest Path Algorithms,Floyd warshall algorithm,practice,Hard,pro,False,30 min,https://takeuforward.org/strivers-a2z-dsa-sheet/shortest-path-algorithms/floyd-warshall-algorithm,https://www.youtube.com/watch?v=YbY8cVwWAvw&list=PLgUwDviBIf0oE3gA41TKO2H5bHpPd7fzn&index=42,,,Graphs,Shortest Path,floyd-warshall-algorithm
410,521,16,Graphs,Shortest Path Algorithms,Find the city with the smallest number of neighbors,practice,Hard,pro,False,12 min,https://takeuforward.org/strivers-a2z-dsa-sheet/shortest-path-algorithms/find-the-city-with-the-smallest-number-of-neighbors,https://youtu.be/9XybHVqTHcQ,https://takeuforward.org/blogs/data-structure-and-algorithm/find-city-smallest-number-neighbors-threshold-distance,https://leetcode.com/problems/find-the-city-with-the-smallest-number-of-neighbors-at-a-threshold-distance/,Graphs|Dynamic Programming,Shortest Path,find-the-city-with-the-smallest-number-of-neighbors
411,764,16,Graphs,Shortest Path Algorithms,Network Delay Time,practice,Medium,core,False,,https://takeuforward.org/strivers-a2z-dsa-sheet/shortest-path-algorithms/network-delay-time,,https://takeuforward.org/blogs/data-structure-and-algorithm/network-delay-time,https://leetcode.com/problems/network-delay-time/,Graphs|Heaps,Shortest Path|Priority Queue,network-delay-time
412,1006,16,Graphs,Shortest Path Algorithms,Swim in Rising Water,practice,Hard,pro,False,,https://takeuforward.org/strivers-a2z-dsa-sheet/shortest-path-algorithms/swim-in-rising-water,,,https://leetcode.com/problems/swim-in-rising-water/,Graphs|Arrays|Heaps,Shortest Path,swim-in-rising-water
413,1221,16,Graphs,Minimum Spanning Tree,MST theory,learning,,core,False,7 min,https://takeuforward.org/strivers-a2z-dsa-sheet/minimum-spanning-tree/mst-theory,https://youtu.be/ZSPjZuZWCME,,,,,mst-theory
414,516,16,Graphs,Minimum Spanning Tree,Disjoint Set,practice,Medium,core,False,41 min,https://takeuforward.org/strivers-a2z-dsa-sheet/minimum-spanning-tree/disjoint-set-,https://youtu.be/aBxjDBC4M1U,https://takeuforward.org/blogs/data-structure-and-algorithm/disjoint-set-union,,Graphs,Disjoint Set Union|Greedy Choice,disjoint-set-
415,517,16,Graphs,Minimum Spanning Tree,Find the MST weight,practice,Medium,core,False,31 min,https://takeuforward.org/strivers-a2z-dsa-sheet/minimum-spanning-tree/find-the-mst-weight,https://youtu.be/mJcZjjKzeqk,,https://leetcode.com/problems/connecting-cities-with-minimum-cost/,Graphs,Disjoint Set Union|Greedy Choice,find-the-mst-weight
416,515,16,Graphs,Hard Problems II,Number of operations to make network connected,practice,Medium,core,False,14 min,https://takeuforward.org/strivers-a2z-dsa-sheet/hard-problems-ii/number-of-operations-to-make-network-connected,https://youtu.be/FYrl7iz9_ZU,,https://leetcode.com/problems/number-of-operations-to-make-network-connected/,Graphs,Disjoint Set Union,number-of-operations-to-make-network-connected
417,511,16,Graphs,Hard Problems II,Accounts merge,practice,Medium,core,False,21 min,https://takeuforward.org/strivers-a2z-dsa-sheet/hard-problems-ii/accounts-merge,https://youtu.be/FMwpt_aQOGw,,https://leetcode.com/problems/accounts-merge/,Graphs|Strings|Hashing,Disjoint Set Union,accounts-merge
418,514,16,Graphs,Hard Problems II,Number of islands II,practice,Hard,pro,False,25 min,https://takeuforward.org/strivers-a2z-dsa-sheet/hard-problems-ii/number-of-islands-ii,https://youtu.be/Rn6B-Q4SNyA,,https://leetcode.com/problems/number-of-islands-ii/,Graphs|Arrays|Hashing,Disjoint Set Union,number-of-islands-ii
419,512,16,Graphs,Hard Problems II,Making a large island,practice,Hard,pro,False,26 min,https://takeuforward.org/strivers-a2z-dsa-sheet/hard-problems-ii/making-a-large-island,https://youtu.be/lgiz0Oup6gM,,https://leetcode.com/problems/making-a-large-island/,Graphs|Arrays,Disjoint Set Union,making-a-large-island
420,513,16,Graphs,Hard Problems II,Most stones removed with same row or column,practice,Hard,pro,False,23 min,https://takeuforward.org/strivers-a2z-dsa-sheet/hard-problems-ii/most-stones-removed-with-same-row-or-column,https://youtu.be/OwMNX8SPavM,https://takeuforward.org/blogs/data-structure-and-algorithm/most-stones-removed-same-row-column,https://leetcode.com/problems/most-stones-removed-with-same-row-or-column/,Graphs|Hashing,Disjoint Set Union,most-stones-removed-with-same-row-or-column
421,498,16,Graphs,Additional Algorithms,Kosaraju's algorithm,practice,Hard,pro,False,22 min,https://takeuforward.org/strivers-a2z-dsa-sheet/additional-algorithms/kosaraju's-algorithm,https://www.youtube.com/watch?v=V8qIqJxCioo&list=PLgUwDviBIf0rGEWe64KWas0Nryn7SCRWw&index=27,,https://leetcode.com/problems/maximum-number-of-non-overlapping-substrings/discuss/766485/kosaraju-algorithm-on,Graphs,Graph DFS / Connected Components,kosaraju's-algorithm
422,497,16,Graphs,Additional Algorithms,Bridges in graph,practice,Hard,pro,False,23 min,https://takeuforward.org/strivers-a2z-dsa-sheet/additional-algorithms/bridges-in-graph,https://youtu.be/qrAub5z8FeA,https://takeuforward.org/blogs/data-structure-and-algorithm/bridges-in-graph-tarjan-algorithm,https://leetcode.com/problems/critical-connections-in-a-network/,Graphs,Graph DFS / Connected Components,bridges-in-graph
423,496,16,Graphs,Additional Algorithms,Articulation point in graph,practice,Hard,pro,False,21 min,https://takeuforward.org/strivers-a2z-dsa-sheet/additional-algorithms/articulation-point-in-graph,https://youtu.be/j1QDfU21iZk,https://takeuforward.org/blogs/data-structure-and-algorithm/articulation-points-in-graph,,Graphs,Graph DFS / Connected Components,articulation-point-in-graph
424,1195,17,Dynamic Programming,Introduction,Introduction to DP,learning,,basic,False,30 min,https://takeuforward.org/strivers-a2z-dsa-sheet/introduction/introduction-to-dp,https://youtu.be/tyB0ztf0DNY,https://takeuforward.org/blogs/data-structure-and-algorithm/dynamic-programming-memoization-tabulation,,,,introduction-to-dp
425,287,17,Dynamic Programming,1D DP,Climbing stairs,practice,Medium,core,False,13 min,https://takeuforward.org/strivers-a2z-dsa-sheet/1d-dp/climbing-stairs,https://youtu.be/mLfjzJsN8us,https://takeuforward.org/blogs/data-structure-and-algorithm/climbing-stairs,https://leetcode.com/problems/climbing-stairs/,Dynamic Programming|Mathematics,Linear DP,climbing-stairs
426,288,17,Dynamic Programming,1D DP,Frog Jump,practice,Medium,core,False,37 min,https://takeuforward.org/strivers-a2z-dsa-sheet/1d-dp/frog-jump,https://www.youtube.com/watch?v=EgG3jsGoPvQ,https://takeuforward.org/blogs/data-structure-and-algorithm/frog-jump-minimum-energy,,Dynamic Programming|Arrays,Linear DP,frog-jump
427,289,17,Dynamic Programming,1D DP,Frog jump with K distances,practice,Medium,core,False,16 min,https://takeuforward.org/strivers-a2z-dsa-sheet/1d-dp/frog-jump-with-k-distances,https://www.youtube.com/watch?v=Kmh3rhyEtB8,https://takeuforward.org/blogs/data-structure-and-algorithm/frog-jump-with-k-distances,,Dynamic Programming|Arrays,Linear DP,frog-jump-with-k-distances
428,291,17,Dynamic Programming,1D DP,Maximum sum of non adjacent elements,practice,Medium,core,False,31 min,https://takeuforward.org/strivers-a2z-dsa-sheet/1d-dp/maximum-sum-of-non-adjacent-elements,https://www.youtube.com/watch?v=GrMBfJNk_NY,,https://leetcode.com/problems/house-robber/,Dynamic Programming,Linear DP,maximum-sum-of-non-adjacent-elements
429,290,17,Dynamic Programming,1D DP,House robber,practice,Medium,core,False,9 min,https://takeuforward.org/strivers-a2z-dsa-sheet/1d-dp/house-robber,https://www.youtube.com/watch?v=3WaxQMELSkw,https://takeuforward.org/blogs/data-structure-and-algorithm/house-robber-ii,https://leetcode.com/problems/house-robber/,Dynamic Programming|Arrays,Linear DP,house-robber
430,292,17,Dynamic Programming,2D DP,Ninja's training,practice,Medium,core,False,51 min,https://takeuforward.org/strivers-a2z-dsa-sheet/2d-dp/ninja's-training,https://www.youtube.com/watch?v=AE39gJYuRog,https://takeuforward.org/blogs/data-structure-and-algorithm/ninjas-training,,Dynamic Programming|Arrays,Multi-State DP,ninja's-training
431,297,17,Dynamic Programming,DP on grids,Grid unique paths,practice,Medium,core,False,44 min,https://takeuforward.org/strivers-a2z-dsa-sheet/dp-on-grids/grid-unique-paths,https://www.youtube.com/watch?v=sdE0A2Oxofw,,https://leetcode.com/problems/unique-paths/,Dynamic Programming|Arrays,Grid DP,grid-unique-paths
432,300,17,Dynamic Programming,DP on grids,Unique paths II,practice,Hard,pro,False,12 min,https://takeuforward.org/strivers-a2z-dsa-sheet/dp-on-grids/unique-paths-ii,https://www.youtube.com/watch?v=TmhpgXScLyY,https://takeuforward.org/blogs/data-structure-and-algorithm/unique-paths-ii-obstacles,https://leetcode.com/problems/unique-paths-ii/,Dynamic Programming|Arrays,Grid DP,unique-paths-ii
433,298,17,Dynamic Programming,DP on grids,Minimum Falling Path Sum,practice,Medium,core,False,41 min,https://takeuforward.org/strivers-a2z-dsa-sheet/dp-on-grids/minimum-falling-path-sum,https://youtu.be/_rgTlyky1uQ,,https://leetcode.com/problems/minimum-falling-path-sum/,Dynamic Programming|Arrays,Grid DP,minimum-falling-path-sum
434,299,17,Dynamic Programming,DP on grids,Triangle,practice,Medium,core,False,33 min,https://takeuforward.org/strivers-a2z-dsa-sheet/dp-on-grids/triangle,https://www.youtube.com/watch?v=SrP-PiLSYC0,https://takeuforward.org/blogs/data-structure-and-algorithm/triangle-minimum-path-sum,https://leetcode.com/problems/triangle/,Dynamic Programming|Arrays,Grid DP,triangle
435,296,17,Dynamic Programming,DP on grids,Cherry pickup II,practice,Hard,pro,False,42 min,https://takeuforward.org/strivers-a2z-dsa-sheet/dp-on-grids/cherry-pickup-ii,,,https://leetcode.com/problems/cherry-pickup-ii/,Dynamic Programming|Arrays,Grid DP,cherry-pickup-ii
436,2395,17,Dynamic Programming,DP on grids,Count Square Submatrices with All Ones|(DP-56),learning,,,False,,https://takeuforward.org/strivers-a2z-dsa-sheet/dp-on-grids/count-square-submatrices-with-all-ones,https://youtu.be/auS1fynpnjo,,https://leetcode.com/problems/count-square-submatrices-with-all-ones/,,,count-square-submatrices-with-all-ones
437,301,17,Dynamic Programming,DP on stocks,Best time to buy and sell stock,practice,Medium,core,False,7 min,https://takeuforward.org/strivers-a2z-dsa-sheet/dp-on-stocks/best-time-to-buy-and-sell-stock,https://youtu.be/excAOvwF_Wk,,https://leetcode.com/problems/best-time-to-buy-and-sell-stock/,Dynamic Programming|Arrays,Stock Trading DP,best-time-to-buy-and-sell-stock
438,302,17,Dynamic Programming,DP on stocks,Best time to buy and sell stock II,practice,Medium,core,False,35 min,https://takeuforward.org/strivers-a2z-dsa-sheet/dp-on-stocks/best-time-to-buy-and-sell-stock-ii,https://youtu.be/nGJmxkUJQGs,https://takeuforward.org/blogs/data-structure-and-algorithm/best-time-to-buy-and-sell-stock-ii,https://leetcode.com/problems/best-time-to-buy-and-sell-stock-ii/,Dynamic Programming|Arrays,Stock Trading DP,best-time-to-buy-and-sell-stock-ii
439,303,17,Dynamic Programming,DP on stocks,Best time to buy and sell stock III,practice,Hard,pro,False,25 min,https://takeuforward.org/strivers-a2z-dsa-sheet/dp-on-stocks/best-time-to-buy-and-sell-stock-iii,https://youtu.be/-uQGzhYj8BQ,https://takeuforward.org/blogs/data-structure-and-algorithm/best-time-to-buy-and-sell-stock-iii,https://leetcode.com/problems/best-time-to-buy-and-sell-stock-iii/,Dynamic Programming|Arrays,Stock Trading DP,best-time-to-buy-and-sell-stock-iii
440,304,17,Dynamic Programming,DP on stocks,Best time to buy and sell stock IV,practice,Hard,pro,False,12 min,https://takeuforward.org/strivers-a2z-dsa-sheet/dp-on-stocks/best-time-to-buy-and-sell-stock-iv,https://youtu.be/IV1dHbk5CDc,https://takeuforward.org/blogs/data-structure-and-algorithm/best-time-to-buy-and-sell-stock-iv,https://leetcode.com/problems/best-time-to-buy-and-sell-stock-iv/,Dynamic Programming|Arrays,Stock Trading DP,best-time-to-buy-and-sell-stock-iv
441,305,17,Dynamic Programming,DP on stocks,Best time to buy and sell stock with transaction fees,practice,Medium,core,False,6 min,https://takeuforward.org/strivers-a2z-dsa-sheet/dp-on-stocks/best-time-to-buy-and-sell-stock-with-cooldown-and-transaction-fees,https://youtu.be/k4eK-vEmnKg,https://takeuforward.org/blogs/data-structure-and-algorithm/best-time-to-buy-and-sell-stock-with-transaction-fee,https://leetcode.com/problems/best-time-to-buy-and-sell-stock-with-transaction-fee/,Dynamic Programming|Arrays,Stock Trading DP,best-time-to-buy-and-sell-stock-with-cooldown-and-transaction-fees
442,56,17,Dynamic Programming,DP on stocks,Best Time to Buy and Sell Stock with Cooldown,practice,Medium,core,False,,https://takeuforward.org/strivers-a2z-dsa-sheet/dp-on-stocks/best-time-to-buy-and-sell-stock-with-cooldown,https://youtu.be/IGIe46xw3YY,https://takeuforward.org/blogs/data-structure-and-algorithm/best-time-to-buy-and-sell-stock-with-cooldown,https://leetcode.com/problems/best-time-to-buy-and-sell-stock-with-cooldown/,Dynamic Programming|Arrays,Stock Trading DP,best-time-to-buy-and-sell-stock-with-cooldown
443,323,17,Dynamic Programming,DP on subsequences,Subset sum equals to target,practice,Medium,core,False,35 min,https://takeuforward.org/strivers-a2z-dsa-sheet/dp-on-subsequences/subset-sum-equals-to-target,https://www.youtube.com/watch?v=rYkfBRtMJr8&list=PLgUwDviBIf0p4ozDR_kJJkONnb1wdx2Ma&index=52,,,Dynamic Programming,Knapsack / Subset DP,subset-sum-equals-to-target
444,321,17,Dynamic Programming,DP on subsequences,Partition equal subset sum,practice,Medium,core,False,7 min,https://takeuforward.org/strivers-a2z-dsa-sheet/dp-on-subsequences/partition-equal-subset-sum,https://www.youtube.com/watch?v=7win3dcgo3k,,https://leetcode.com/problems/partition-equal-subset-sum/,Dynamic Programming|Arrays,Knapsack / Subset DP,partition-equal-subset-sum
445,320,17,Dynamic Programming,DP on subsequences,Partition a set into two subsets with minimum absolute sum difference,practice,Hard,pro,False,29 min,https://takeuforward.org/strivers-a2z-dsa-sheet/dp-on-subsequences/partition-a-set-into-two-subsets-with-minimum-absolute-sum-difference,https://www.youtube.com/watch?v=GS_OqZb2CWc,,https://leetcode.com/problems/last-stone-weight-ii/,Dynamic Programming,Knapsack / Subset DP,partition-a-set-into-two-subsets-with-minimum-absolute-sum-difference
446,318,17,Dynamic Programming,DP on subsequences,Count subsets with sum K,practice,Medium,core,False,35 min,https://takeuforward.org/strivers-a2z-dsa-sheet/dp-on-subsequences/count-subsets-with-sum-k,https://www.youtube.com/watch?v=ZHyb-A2Mte4,https://takeuforward.org/blogs/data-structure-and-algorithm/count-subsets-with-sum-k,,Dynamic Programming,Knapsack / Subset DP,count-subsets-with-sum-k
447,317,17,Dynamic Programming,DP on subsequences,Count partitions with given difference,practice,Medium,core,False,17 min,https://takeuforward.org/strivers-a2z-dsa-sheet/dp-on-subsequences/count-partitions-with-given-difference,https://www.youtube.com/watch?v=zoilQD1kYSg,https://takeuforward.org/blogs/data-structure-and-algorithm/count-partitions-with-a-given-difference,,Dynamic Programming|Arrays,Knapsack / Subset DP,count-partitions-with-given-difference
448,315,17,Dynamic Programming,DP on subsequences,0 and 1 Knapsack,practice,Medium,core,False,40 min,https://takeuforward.org/strivers-a2z-dsa-sheet/dp-on-subsequences/0-and-1-knapsack,https://youtu.be/GqOmJHQZivw,,,Dynamic Programming|Arrays,Knapsack / Subset DP,0-and-1-knapsack
449,319,17,Dynamic Programming,DP on subsequences,Minimum coins,practice,Medium,core,False,34 min,https://takeuforward.org/strivers-a2z-dsa-sheet/dp-on-subsequences/minimum-coins,https://www.youtube.com/watch?v=myPeWb3Y68A,,https://leetcode.com/problems/coin-change/,Greedy Algorithms|Mathematics,Greedy Choice,minimum-coins
450,324,17,Dynamic Programming,DP on subsequences,Target sum,practice,Medium,core,False,8 min,https://takeuforward.org/strivers-a2z-dsa-sheet/dp-on-subsequences/target-sum,https://www.youtube.com/watch?v=b3GD8263-PQ,,https://leetcode.com/problems/target-sum/,Dynamic Programming|Recursion & Backtracking|Arrays,Knapsack / Subset DP,target-sum
451,316,17,Dynamic Programming,DP on subsequences,Coin change II,practice,Hard,pro,False,22 min,https://takeuforward.org/strivers-a2z-dsa-sheet/dp-on-subsequences/coin-change-ii,https://www.youtube.com/watch?v=HgyouUi11zk,,https://leetcode.com/problems/coin-change-ii/,Dynamic Programming|Arrays,Knapsack / Subset DP,coin-change-ii
452,325,17,Dynamic Programming,DP on subsequences,Unbounded knapsack,practice,Medium,core,False,22 min,https://takeuforward.org/strivers-a2z-dsa-sheet/dp-on-subsequences/unbounded-knapsack,https://youtu.be/OgvOZ6OrJoY,https://takeuforward.org/blogs/data-structure-and-algorithm/unbounded-knapsack,,Dynamic Programming|Arrays,Knapsack / Subset DP,unbounded-knapsack
453,322,17,Dynamic Programming,DP on subsequences,Rod cutting problem,practice,Hard,pro,False,22 min,https://takeuforward.org/strivers-a2z-dsa-sheet/dp-on-subsequences/rod-cutting-problem,https://youtu.be/mO8XpGoJwuo,,,Dynamic Programming|Arrays,Knapsack / Subset DP,rod-cutting-problem
454,636,17,Dynamic Programming,LIS,Longest Increasing Subsequence,practice,Medium,core,False,40 min,https://takeuforward.org/strivers-a2z-dsa-sheet/lis-dp/longest-increasing-subsequence,https://youtu.be/on2hvxBXJH4,,https://leetcode.com/problems/longest-increasing-subsequence/,Dynamic Programming|Arrays|Binary Search,LIS / Sequence DP|Lower Bound / Upper Bound,longest-increasing-subsequence
455,851,17,Dynamic Programming,LIS,Print Longest Increasing Subsequence,practice,Hard,pro,False,26 min,https://takeuforward.org/strivers-a2z-dsa-sheet/lis-dp/print-longest-increasing-subsequence,https://youtu.be/IFfYfonAFGc,,,Dynamic Programming,LIS / Sequence DP,print-longest-increasing-subsequence
456,603,17,Dynamic Programming,LIS,Largest Divisible Subset,practice,Medium,core,False,14 min,https://takeuforward.org/strivers-a2z-dsa-sheet/lis-dp/largest-divisible-subset,https://youtu.be/gDuZwBW9VvM,https://takeuforward.org/blogs/data-structure-and-algorithm/largest-divisible-subset,https://leetcode.com/problems/largest-divisible-subset/,Dynamic Programming|Arrays|Mathematics,LIS / Sequence DP,largest-divisible-subset
457,640,17,Dynamic Programming,LIS,Longest String Chain,practice,Medium,core,False,16 min,https://takeuforward.org/strivers-a2z-dsa-sheet/lis-dp/longest-string-chain,https://youtu.be/YY8iBaYcc4g,,https://leetcode.com/problems/longest-string-chain/,Dynamic Programming|Strings|Hashing,LIS / Sequence DP,longest-string-chain
458,633,17,Dynamic Programming,LIS,Longest Bitonic Subsequence,practice,Medium,core,False,13 min,https://takeuforward.org/strivers-a2z-dsa-sheet/lis-dp/longest-bitonic-subsequence,https://youtu.be/y4vN0WNdrlg,,,Dynamic Programming,LIS / Sequence DP,longest-bitonic-subsequence
459,780,17,Dynamic Programming,LIS,Number of Longest Increasing Subsequences,practice,Medium,core,False,20 min,https://takeuforward.org/strivers-a2z-dsa-sheet/lis-dp/number-of-longest-increasing-subsequences,https://youtu.be/cKVl1TFdNXg,,https://leetcode.com/problems/number-of-longest-increasing-subsequence/,Dynamic Programming|Advanced Range Data Structures|Arrays,LIS / Sequence DP,number-of-longest-increasing-subsequences
460,308,17,Dynamic Programming,DP on strings,Longest common subsequence,practice,Medium,core,False,46 min,https://takeuforward.org/strivers-a2z-dsa-sheet/dp-on-strings/longest-common-subsequence,https://youtu.be/-zI4mrF2Pb4,,https://leetcode.com/problems/longest-common-subsequence/,Dynamic Programming|Strings,String DP,longest-common-subsequence
461,309,17,Dynamic Programming,DP on strings,Longest common substring,practice,Medium,core,False,14 min,https://takeuforward.org/strivers-a2z-dsa-sheet/dp-on-strings/longest-common-substring,https://youtu.be/_wP9mWNPL5w,,,Dynamic Programming|Strings,String DP,longest-common-substring
462,310,17,Dynamic Programming,DP on strings,Longest palindromic subsequence,practice,Medium,core,False,9 min,https://takeuforward.org/strivers-a2z-dsa-sheet/dp-on-strings/longest-palindromic-subsequence,https://youtu.be/6i_T5kkfv4A,,https://leetcode.com/problems/longest-palindromic-subsequence/,Dynamic Programming|Strings,String DP,longest-palindromic-subsequence
463,312,17,Dynamic Programming,DP on strings,Minimum insertions to make string palindrome,practice,Hard,pro,False,12 min,https://takeuforward.org/strivers-a2z-dsa-sheet/dp-on-strings/minimum-insertions-to-make-string-palindrome,https://www.youtube.com/watch?v=xPBLEj41rFU,,https://leetcode.com/problems/minimum-insertion-steps-to-make-a-string-palindrome/,Dynamic Programming|Strings,String DP,minimum-insertions-to-make-string-palindrome
464,311,17,Dynamic Programming,DP on strings,Minimum insertions or deletions to convert string A to B,practice,Medium,core,False,7 min,https://takeuforward.org/strivers-a2z-dsa-sheet/dp-on-strings/minimum-insertions-or-deletions-to-convert-string-a-to-b,https://www.youtube.com/watch?v=yMnH0jrir0Q,,https://leetcode.com/problems/delete-operation-for-two-strings/,Dynamic Programming|Strings,String DP,minimum-insertions-or-deletions-to-convert-string-a-to-b
465,313,17,Dynamic Programming,DP on strings,Shortest common supersequence,practice,Hard,pro,False,26 min,https://takeuforward.org/strivers-a2z-dsa-sheet/dp-on-strings/shortest-common-supersequence,https://youtu.be/xElxAuBcvsU,,https://leetcode.com/problems/shortest-common-supersequence/,Dynamic Programming|Strings,String DP,shortest-common-supersequence
466,306,17,Dynamic Programming,DP on strings,Distinct subsequences,practice,Hard,pro,False,40 min,https://takeuforward.org/strivers-a2z-dsa-sheet/dp-on-strings/distinct-subsequences,https://youtu.be/nVG7eTiD2bY,,https://leetcode.com/problems/distinct-subsequences/,Dynamic Programming|Strings,String DP,distinct-subsequences
467,307,17,Dynamic Programming,DP on strings,Edit distance,practice,Hard,pro,False,37 min,https://takeuforward.org/strivers-a2z-dsa-sheet/dp-on-strings/edit-distance,https://youtu.be/fJaKO8FbDdo,,https://leetcode.com/problems/edit-distance/,Dynamic Programming|Strings,String DP,edit-distance
468,314,17,Dynamic Programming,DP on strings,Wildcard matching,practice,Hard,pro,False,43 min,https://takeuforward.org/strivers-a2z-dsa-sheet/dp-on-strings/wildcard-matching,https://youtu.be/ZmlQ3vgAOMo,,https://leetcode.com/problems/wildcard-matching/,Dynamic Programming|Strings|Recursion & Backtracking,String DP,wildcard-matching
469,4,17,Dynamic Programming,DP on strings,Word Break,practice,Medium,core,False,,https://takeuforward.org/strivers-a2z-dsa-sheet/dp-on-strings/word-break,,,https://leetcode.com/problems/word-break/,Dynamic Programming|Strings|Hashing,String DP,word-break
470,231,17,Dynamic Programming,DP on strings,Count Palindromic Subsequences,practice,Hard,pro,False,,https://takeuforward.org/strivers-a2z-dsa-sheet/dp-on-strings/count-palindromic-subsequences,,,https://leetcode.com/problems/count-palindromic-subsequences/,Dynamic Programming|Strings,String DP,count-palindromic-subsequences
471,327,17,Dynamic Programming,MCM DP,Matrix chain multiplication,practice,Hard,pro,False,61 min,https://takeuforward.org/strivers-a2z-dsa-sheet/mcm-dp/matrix-chain-multiplication,https://youtu.be/vRVfmbCFW7Y,,,Dynamic Programming|Arrays,Interval / Partition DP,matrix-chain-multiplication
472,326,17,Dynamic Programming,MCM DP,Burst balloons,practice,Hard,pro,False,33 min,https://takeuforward.org/strivers-a2z-dsa-sheet/mcm-dp/burst-balloons,https://youtu.be/Yz4LlDSlkns,,https://leetcode.com/problems/burst-balloons/,Dynamic Programming|Arrays,Interval / Partition DP,burst-balloons
473,329,17,Dynamic Programming,MCM DP,Palindrome partitioning II,practice,Hard,pro,False,22 min,https://takeuforward.org/strivers-a2z-dsa-sheet/mcm-dp/palindrome-partitioning-ii-,https://youtu.be/_H8V5hJUGd0,https://takeuforward.org/blogs/data-structure-and-algorithm/palindrome-partitioning-ii-minimum-cuts,https://leetcode.com/problems/palindrome-partitioning-ii/,Dynamic Programming|Strings,Interval / Partition DP,palindrome-partitioning-ii-
474,810,17,Dynamic Programming,MCM DP,Partition Array for Maximum Sum,practice,Hard,pro,False,,https://takeuforward.org/strivers-a2z-dsa-sheet/mcm-dp/partition-array-for-maximum-sum,https://youtu.be/PhWWJmaKfMc,,https://leetcode.com/problems/partition-array-for-maximum-sum/,Dynamic Programming|Arrays,Interval / Partition DP,partition-array-for-maximum-sum
475,328,17,Dynamic Programming,MCM DP,Minimum cost to cut the stick,practice,Hard,pro,False,28 min,https://takeuforward.org/strivers-a2z-dsa-sheet/mcm-dp/minimum-cost-to-cut-the-stick,https://youtu.be/xwomavsC86c,,https://leetcode.com/problems/minimum-cost-to-cut-a-stick/,Dynamic Programming|Arrays,Interval / Partition DP,minimum-cost-to-cut-the-stick
476,276,17,Dynamic Programming,MCM DP,Different Ways to Evaluate a Boolean Expression,practice,Hard,pro,False,,https://takeuforward.org/strivers-a2z-dsa-sheet/mcm-dp/different-ways-to-evaluate-a-boolean-expression,https://youtu.be/MM7fXopgyjw,,https://leetcode.com/problems/parsing-a-boolean-expression/,Dynamic Programming|Mathematics,Interval / Partition DP,different-ways-to-evaluate-a-boolean-expression
477,2390,18,Tries,Theory,Bit PreRequisites for TRIE Problems,learning,,,False,,https://takeuforward.org/strivers-a2z-dsa-sheet/triessubc/bit-prerequisites-for-trie-problems,https://youtu.be/5iyuU4hQFrw,,,,,bit-prerequisites-for-trie-problems
478,1028,18,Tries,Theory,Trie Implementation and Operations,practice,Medium,core,False,30 min,https://takeuforward.org/strivers-a2z-dsa-sheet/triessubc/trie-implementation-and-operations,https://www.youtube.com/watch?v=dBGUmUQhjaM&list=PLgUwDviBIf0pcIDCZnxhv0LkHf5KzG9zp,https://takeuforward.org/blogs/data-structure-and-algorithm/trie-implementation,https://leetcode.com/problems/implement-trie-prefix-tree/,Tries,Prefix Matching,trie-implementation-and-operations
479,1027,18,Tries,Theory,Trie Implementation and Advanced Operations,practice,Medium,core,False,22 min,https://takeuforward.org/strivers-a2z-dsa-sheet/triessubc/trie-implementation-and-advanced-operations,,https://takeuforward.org/blogs/data-structure-and-algorithm/trie-ii-count-words-erase,https://leetcode.com/problems/implement-trie-ii-prefix-tree/,Tries,Prefix Matching,trie-implementation-and-advanced-operations
480,1023,18,Tries,Problems,Longest Word with All Prefixes,practice,Medium,core,False,25 min,https://takeuforward.org/strivers-a2z-dsa-sheet/problems/longest-word-with-all-prefixes,https://www.youtube.com/watch?v=AWnBa91lThI&list=PLgUwDviBIf0pcIDCZnxhv0LkHf5KzG9zp&index=3,,https://leetcode.com/problems/longest-word-with-all-prefixes/,Tries|Arrays|Strings,Prefix Matching,longest-word-with-all-prefixes
481,1026,18,Tries,Problems,Number of distinct substrings in a string,practice,Hard,pro,False,17 min,https://takeuforward.org/strivers-a2z-dsa-sheet/problems/number-of-distinct-substrings-in-a-string,https://www.youtube.com/watch?v=RV0QeTyHZxo&list=PLgUwDviBIf0pcIDCZnxhv0LkHf5KzG9zp&index=4,,https://leetcode.com/problems/number-of-distinct-substrings-in-a-string/,Tries|Strings,Prefix Matching,number-of-distinct-substrings-in-a-string
482,1024,18,Tries,Problems,Maximum XOR of two numbers in an array,practice,Medium,core,False,34 min,https://takeuforward.org/strivers-a2z-dsa-sheet/problems/maximum-xor-of-two-numbers-in-an-array,https://www.youtube.com/watch?v=EIhAwfHubE8&list=PLgUwDviBIf0pcIDCZnxhv0LkHf5KzG9zp&index=6,https://takeuforward.org/blogs/data-structure-and-algorithm/maximum-xor-of-two-numbers-in-an-array,https://leetcode.com/problems/maximum-xor-of-two-numbers-in-an-array/,Tries|Hashing|Bit Manipulation,Bitwise XOR,maximum-xor-of-two-numbers-in-an-array
483,1025,18,Tries,Problems,Maximum Xor with an element from an array,practice,Hard,pro,False,23 min,https://takeuforward.org/strivers-a2z-dsa-sheet/problems/maximum-xor-with-an-element-from-an-array,https://www.youtube.com/watch?v=Q8LhG9Pi5KM&list=PLgUwDviBIf0pcIDCZnxhv0LkHf5KzG9zp&index=7,https://takeuforward.org/blogs/data-structure-and-algorithm/maximum-xor-queries-trie,https://leetcode.com/problems/maximum-xor-with-an-element-from-array/,Tries|Arrays|Bit Manipulation,Bitwise XOR,maximum-xor-with-an-element-from-an-array
484,984,19,Strings (Advanced Algo),Medium Problems,Reverse every word in a string,practice,Medium,core,True,31 min,https://takeuforward.org/strivers-a2z-dsa-sheet/medium-problems/reverse-every-word-in-a-string,,,https://leetcode.com/problems/reverse-words-in-a-string/,Strings,Simulation / Implementation,reverse-every-word-in-a-string
485,983,19,Strings (Advanced Algo),Medium Problems,Minimum number of bracket reversals to make an expression balanced,practice,Medium,core,False,20 min,https://takeuforward.org/strivers-a2z-dsa-sheet/medium-problems/minimum-number-of-bracket-reversals-to-make-an-expression-balanced,,,https://leetcode.com/problems/minimum-add-to-make-parentheses-valid/,Stack & Queues|Strings,Parentheses Matching,minimum-number-of-bracket-reversals-to-make-an-expression-balanced
486,982,19,Strings (Advanced Algo),Medium Problems,Count and say,practice,Medium,core,False,19 min,https://takeuforward.org/strivers-a2z-dsa-sheet/medium-problems/count-and-say,,https://takeuforward.org/blogs/data-structure-and-algorithm/count-and-say,https://leetcode.com/problems/count-and-say/,Strings,Simulation / Implementation,count-and-say
487,2399,19,Strings (Advanced Algo),Advanced Problems (Less asked),Hashing In Strings | Theory,learning,,,False,,https://takeuforward.org/strivers-a2z-dsa-sheet/advanced-problems-(less-asked)/hashing-in-strings-theory,,https://takeuforward.org/blogs/data-structure-and-algorithm/string-hashing-rolling-hash,,,,hashing-in-strings-theory
488,979,19,Strings (Advanced Algo),Advanced Problems (Less asked),Rabin Karp Algorithm,practice,Hard,pro,False,34 min,https://takeuforward.org/strivers-a2z-dsa-sheet/advanced-problems-(less-asked)/rabin-karp-algorithm,,,https://leetcode.com/problems/repeated-string-match/discuss/416144/Rabin-Karp-algorithm-C%2B%2B-implementation,Strings,String Matching / Rolling Hash,rabin-karp-algorithm
489,981,19,Strings (Advanced Algo),Advanced Problems (Less asked),Z function,practice,Hard,pro,False,35 min,https://takeuforward.org/strivers-a2z-dsa-sheet/advanced-problems-(less-asked)/z-function,,,,Strings,String Matching / Rolling Hash,z-function
490,977,19,Strings (Advanced Algo),Advanced Problems (Less asked),KMP Algorithm or LPS array,practice,Hard,pro,False,29 min,https://takeuforward.org/strivers-a2z-dsa-sheet/advanced-problems-(less-asked)/kmp-algorithm-or-lps-array,,,https://leetcode.com/problems/implement-strstr/,Strings,String Matching / Rolling Hash,kmp-algorithm-or-lps-array
491,980,19,Strings (Advanced Algo),Advanced Problems (Less asked),Shortest Palindrome,practice,Hard,pro,False,7 min,https://takeuforward.org/strivers-a2z-dsa-sheet/advanced-problems-(less-asked)/shortest-palindrome,,,https://leetcode.com/problems/shortest-palindrome/,Strings|Hashing,String Matching / Rolling Hash,shortest-palindrome
492,978,19,Strings (Advanced Algo),Advanced Problems (Less asked),Longest happy prefix,practice,Hard,pro,False,3 min,https://takeuforward.org/strivers-a2z-dsa-sheet/advanced-problems-(less-asked)/longest-happy-prefix,,https://takeuforward.org/blogs/data-structure-and-algorithm/longest-happy-prefix,https://leetcode.com/problems/longest-happy-prefix/,Strings|Hashing,String Matching / Rolling Hash,longest-happy-prefix
493,653,20,Maths,Sieve of Eratosthenes,Print all primes till N,practice,Medium,core,False,18 min,https://takeuforward.org/strivers-a2z-dsa-sheet/sieve-of-eratosthenes/print-all-primes-till-n,,,,Mathematics|Arrays,Number Theory,print-all-primes-till-n
494,652,20,Maths,Sieve of Eratosthenes,Prime factorisation of a Number,practice,Medium,core,False,15 min,https://takeuforward.org/strivers-a2z-dsa-sheet/sieve-of-eratosthenes/prime-factorisation-of-a-number,https://youtu.be/LT7XhVdeRyg?si=6HkjQokJRPTFai21,,,Mathematics|Bit Manipulation,Number Theory,prime-factorisation-of-a-number
495,651,20,Maths,Sieve of Eratosthenes,Count primes in range L to R,practice,Hard,pro,False,16 min,https://takeuforward.org/strivers-a2z-dsa-sheet/sieve-of-eratosthenes/count-primes-in-range-l-to-r,https://youtu.be/g5Fuxn_AvSk?si=fv6Q-Po7wrMW0a5n,,https://leetcode.com/problems/count-primes/,Mathematics|Bit Manipulation,Number Theory,count-primes-in-range-l-to-r
